bigram_entropy,condition,distinct_1,distinct_2,distinct_3,effective_vocab_size,exact_duplicate_rate,mean_structural_overlap_by_agent,mean_structural_similarity,mean_token_jaccard,mean_top20_vocab_overlap,median_structural_similarity,median_token_jaccard,n_agents,n_posts,near_duplicate_rate,normalized_vocab_size,scale,segment,top_10_signature_coverage,top_10_token_coverage,top_25_token_coverage,top_50_token_coverage,unigram_entropy,unique_structural_signatures
9.300681148167662,mag0,0.7088989441930619,0.9860031104199067,0.9983948635634029,291.684804246848,0.0,0.12592592592592594,0.2542982456140351,0.02130317120720595,0.05333333333333333,0.0,0.017549261083743842,10,20,0.0,0.7088989441930619,n10,first_agent_posts,1.0,0.10407239819004525,0.18250377073906485,0.27601809954751133,8.623250793493913,8
8.691782420331549,mag0,0.6023856858846919,0.8985507246376812,0.9568034557235421,179.05803255484787,0.0,0.2111111111111111,0.2615789473684211,0.03338718914453878,0.07111111111111111,0.0,0.01818181818181818,10,20,0.0,0.6023856858846919,n10,last_agent_posts,1.0,0.14512922465208747,0.27435387673956263,0.39363817097415504,7.916062421691729,9
10.821876390415008,mag0,0.3760330578512397,0.8452943704340352,0.9404655326768129,344.6563088512241,0.0,0.12035458368791702,0.249625,0.02874717807607117,0.11666666666666667,0.0,0.0196078431372549,10,93,0.0,0.3760330578512397,n10,late_window,0.7741935483870968,0.09752066115702479,0.1896694214876033,0.28801652892561985,9.15108788403903,26
9.89245210977326,mag1,0.6796019900497512,0.9746192893401016,0.9937823834196892,456.81818181818187,0.0,0.06666666666666667,0.2568984962406015,0.02363947090625079,0.037777777777777785,0.2,0.015625,10,20,0.0,0.6796019900497512,n10,first_agent_posts,0.85,0.06965174129353234,0.1383084577114428,0.21691542288557214,9.172197566304273,13
8.915268482792323,mag1,0.5314009661835749,0.8618968386023295,0.9242685025817556,182.6816674561819,0.0,0.014814814814814814,0.16281328320802005,0.05223864827350722,0.1,0.0,0.03278688524590164,10,20,0.0,0.5314009661835749,n10,last_agent_posts,0.6,0.14009661835748793,0.26247987117552335,0.3993558776167472,7.988119761844391,18
10.983274121579617,mag1,0.31061896649630893,0.7521192633732827,0.852710843373494,298.88882463495736,0.0,0.0886417843899784,0.1889607142857143,0.05074458854435382,0.23222222222222225,0.0,0.029850746268656716,10,101,0.0,0.31061896649630893,n10,late_window,0.5148514851485149,0.11726291879613855,0.21834185122089722,0.3182850653038047,9.18109008259424,49
9.856168397783499,mag5,0.5,0.8484087102177554,0.9122657580919932,301.51309328968904,0.050000000000000044,0.05185185185185184,0.23278822055137846,0.06347140958936429,0.08777777777777779,0.14285714285714285,0.045871559633027525,10,20,0.050000000000000044,0.5,n10,first_agent_posts,0.75,0.09967051070840198,0.19439868204283361,0.3039538714991763,8.788256044996446,15
8.400950660909247,mag5,0.3669172932330827,0.6682170542635659,0.7712,91.46328852119959,0.050000000000000044,0.1148148148148148,0.3903508771929825,0.13998451149406457,0.21666666666666667,0.4,0.125,10,20,0.050000000000000044,0.3669172932330827,n10,last_agent_posts,0.95,0.23759398496240602,0.4345864661654135,0.6120300751879699,7.188808542186324,11
9.556796229037262,mag5,0.20070838252656434,0.5323886639676113,0.6636098374322634,98.7698061831699,0.05633802816901412,0.17552701927701927,0.40880357142857143,0.16080678749708624,0.3680555555555556,0.3333333333333333,0.14814814814814814,9,71,0.05633802816901412,0.20070838252656434,n10,late_window,0.8169014084507042,0.23455332546241636,0.42542306178669814,0.5883510428964974,7.616664439489954,22
10.068609424196111,mag25,0.6073883161512027,0.9606643356643356,0.9928825622775801,394.09424083769636,0.0,0.029629629629629627,0.16157894736842104,0.03770581568260096,0.07777777777777778,0.0,0.032206786923768056,10,20,0.0,0.6073883161512027,n10,first_agent_posts,0.7,0.08505154639175258,0.15979381443298968,0.25257731958762886,9.117880321193134,16
8.951646651478422,mag25,0.5051813471502591,0.8031914893617021,0.8702185792349727,146.86643666830952,0.0,0.06666666666666667,0.2669423558897243,0.09158335643739636,0.195,0.225,0.08850250626566417,10,20,0.0,0.5051813471502591,n10,last_agent_posts,0.85,0.19818652849740934,0.3160621761658031,0.4326424870466321,8.007220047615693,13
10.421829430281406,mag25,0.271608832807571,0.6759649691858579,0.7963951935914553,162.2936787363933,0.0,0.15353273269939938,0.2800511904761905,0.08782267899322892,0.33666666666666667,0.25,0.07237646237122403,10,87,0.0,0.271608832807571,n10,late_window,0.6896551724137931,0.18454258675078863,0.31167192429022084,0.4302839116719243,8.545302574072942,31
10.478797090581175,dom-agi,0.5914754098360656,0.9654485049833887,0.9939393939393939,523.6714703895519,0.0,0.014814814814814814,0.18698241816662867,0.033271397470946706,0.06111111111111111,0.16666666666666666,0.02768994921912427,10,20,0.0,0.5914754098360656,n10,first_agent_posts,0.6,0.06491803278688525,0.12918032786885245,0.20852459016393443,9.47302814287382,18
9.421217663924917,dom-agi,0.4055755395683453,0.7316849816849816,0.8115671641791045,161.2182529335072,0.0,0.014814814814814814,0.3407059314954052,0.08753572038608623,0.1322222222222222,0.375,0.056206397262077136,10,20,0.0,0.4055755395683453,n10,last_agent_posts,0.7,0.164568345323741,0.28776978417266186,0.4244604316546763,8.140999928757683,16
11.206705197667223,dom-agi,0.21424970593177617,0.5850899742930591,0.689281342892114,285.7682425944306,0.06896551724137934,0.06385697635697635,0.2777722943722944,0.06301805152926752,0.20555555555555557,0.25,0.027777777777777776,9,116,0.07758620689655171,0.21424970593177617,n10,late_window,0.5344827586206896,0.11275415896487985,0.2137455889766426,0.32549151403125526,9.168001611670887,43
9.90049181489344,dom-tech,0.6074498567335244,0.9503407984420643,0.9831181727904668,416.0185958254269,0.0,0.10370370370370371,0.2563157894736842,0.03222292420623042,0.042222222222222223,0.2,0.016530054644808743,10,20,0.0,0.6074498567335244,n10,first_agent_posts,0.9,0.07067812798471824,0.1413562559694365,0.23304680038204392,9.037883280858178,12
8.33412814705329,dom-tech,0.33014354066985646,0.6787479406919276,0.797274275979557,77.95538370017846,0.0,0.06666666666666667,0.25141604010025065,0.15977242891765736,0.2449019607843137,0.2,0.15384615384615385,10,20,0.0,0.33014354066985646,n10,last_agent_posts,0.9,0.27751196172248804,0.46730462519936206,0.6411483253588517,6.963133992362755,12
9.782204346568,dom-tech,0.13065442020665902,0.4225585244738709,0.5625152327565196,109.97921148616128,0.03968253968253965,0.11247031968910194,0.2625287698412698,0.14619306593134065,0.3622222222222222,0.2,0.11342195540308747,10,126,0.04761904761904767,0.13065442020665902,n10,late_window,0.6587301587301587,0.21928817451205512,0.3997703788748565,0.5501722158438577,7.700100271397592,42
10.530678969839922,mag0,0.4168454935622318,0.8706849315068493,0.944568868980963,258.4036888293916,0.0,0.10175438596491228,0.2929112310691258,0.05378599284996801,0.10210526315789473,0.25,0.041666666666666664,20,39,0.02564102564102566,0.4168454935622318,n20,first_agent_posts,0.8717948717948718,0.13412017167381973,0.22585836909871246,0.3165236051502146,8.926088232741112,15
9.71443016305385,mag0,0.32323897300855825,0.7331081081081081,0.8396946564885496,131.87180659541636,0.0,0.1307017543859649,0.31046205256731574,0.09737330975934028,0.14405572755417956,0.25,0.06521739130434782,20,39,0.0,0.32323897300855825,n20,last_agent_posts,0.8717948717948718,0.19486504279131006,0.3508887425938117,0.489137590520079,7.998948525987124,15
11.576804425385617,mag0,0.15169101460876525,0.5722382522671063,0.7203101763331209,162.7580140531098,0.0,0.15057836936441318,0.28200952380952377,0.07668298904405649,0.22516339869281046,0.2,0.0418859649122807,18,290,0.0034482758620689724,0.15169101460876525,n20,late_window,0.7758620689655172,0.1736041624974985,0.3108865319191515,0.43626175705423254,8.767477175761886,46
10.442264609801073,mag1,0.418403660396543,0.8162947586922678,0.8881822999470058,293.713580809231,0.050000000000000044,0.04473684210526316,0.2057203907203907,0.06402430298822417,0.12210526315789473,0.16666666666666666,0.04477611940298507,20,40,0.050000000000000044,0.418403660396543,n20,first_agent_posts,0.6,0.11947127605490594,0.20691408235892222,0.30604982206405695,9.023762735767704,26
9.713940344768561,mag1,0.3645183645183645,0.7426942266571632,0.8473954512105649,155.07924331570715,0.0,0.0543859649122807,0.21736721611721613,0.09161129470949687,0.15447368421052632,0.0625,0.07692307692307693,20,40,0.0,0.3645183645183645,n20,last_agent_posts,0.75,0.18156618156618157,0.3097713097713098,0.4365904365904366,8.217594316744304,20
11.319792856170828,mag1,0.14807302231237324,0.5411906854130053,0.6943784639746635,164.82851131378976,0.0,0.07811791439418946,0.2276498015873016,0.09826556708580236,0.23894736842105263,0.16666666666666666,0.08333333333333333,20,263,0.0,0.14807302231237324,n20,late_window,0.5703422053231939,0.1812746877335326,0.30724885235400873,0.42852567524287394,8.711357041828109,57
10.696283444889001,mag5,0.4534005037783375,0.9075500770416025,0.9779989523310634,372.6685898042183,0.0,0.023391812865497075,0.22472735893788523,0.041970836349853026,0.06549707602339182,0.16666666666666666,0.03488372093023256,19,38,0.0,0.4534005037783375,n20,first_agent_posts,0.47368421052631576,0.0947103274559194,0.16826196473551638,0.2609571788413098,9.248464997408968,30
9.147374744243363,mag5,0.25554106910039115,0.570855614973262,0.7016460905349794,95.96884176182708,0.0,0.13157894736842105,0.35370182212287476,0.1692731600214315,0.25087719298245614,0.25,0.14035087719298245,19,38,0.0,0.25554106910039115,n20,last_agent_posts,0.9473684210526315,0.22229465449804434,0.43546284224250326,0.6088657105606258,7.457378448035661,12
10.819471576634609,mag5,0.14066556525843757,0.4661900145419292,0.6138231631382316,128.27834108626837,0.018018018018018056,0.150786380610942,0.2864434523809524,0.12363757955605977,0.3305668016194332,0.25,0.0967741935483871,19,222,0.018018018018018056,0.14066556525843757,n20,late_window,0.7837837837837838,0.19011092754307293,0.36735898041066795,0.5254897333018645,8.271466654185033,41
10.704275768501304,mag25,0.468031968031968,0.9077471967380224,0.9719042663891779,390.1873052959501,0.0,0.08245614035087719,0.23251678876678877,0.03855022989788134,0.06131578947368421,0.0,0.025532377227292482,20,40,0.0,0.468031968031968,n20,first_agent_posts,0.775,0.09090909090909091,0.16833166833166832,0.26323676323676326,9.309216541765426,19
9.183669079024577,mag25,0.27716535433070866,0.6089430894308943,0.7252100840336134,112.39721254355402,0.07499999999999996,0.06929824561403508,0.3036660561660562,0.11794013167250506,0.16342105263157894,0.25,0.09433962264150944,20,40,0.07499999999999996,0.27716535433070866,n20,last_agent_posts,0.825,0.2094488188976378,0.3763779527559055,0.5496062992125984,7.58069530762632,17
11.31170755954749,mag25,0.09895068776164845,0.4110333239988799,0.5350233874227638,161.15188657809333,0.024163568773234223,0.08629852174601538,0.2713720238095238,0.0973188977147993,0.2261029411764706,0.225,0.05263157894736842,17,538,0.029739776951672847,0.09895068776164845,n20,late_window,0.5762081784386617,0.173979231229272,0.3164790953079976,0.46305659761865925,8.616555371005072,68
10.99915960868134,dom-agi,0.5274431057563588,0.9500227169468424,0.98149005090236,655.8810238996996,0.025000000000000022,0.05526315789473684,0.20886243386243386,0.02382937811051521,0.035526315789473684,0.14285714285714285,0.016666666666666666,20,40,0.025000000000000022,0.5274431057563588,n20,first_agent_posts,0.65,0.055778670236501564,0.10843373493975904,0.17759928603302097,9.823231292240377,24
9.844035900845878,dom-agi,0.4129082426127527,0.8105939004815409,0.8805970149253731,231.49440089585664,0.0,0.031578947368421054,0.2578337403337403,0.04541107023792121,0.08526315789473683,0.2,0.029850746268656716,20,40,0.0,0.4129082426127527,n20,last_agent_posts,0.55,0.12286158631415241,0.23950233281493002,0.37169517884914466,8.463387407604518,28
11.955937814139077,dom-agi,0.1877627276973377,0.6618427399903521,0.7965087281795511,313.5858937412884,0.0,0.1060943351584816,0.2708978174603175,0.03820030248503735,0.1871345029239766,0.2,0.022727272727272728,19,272,0.007352941176470562,0.1877627276973377,n20,late_window,0.5404411764705882,0.10649229332087809,0.211816907986922,0.32426436244745444,9.363311835824836,78
10.547193248054958,dom-tech,0.5455082742316785,0.9322033898305084,0.9633995037220844,518.6347826086957,0.050000000000000044,0.03333333333333333,0.1753113553113553,0.024309063210305005,0.041842105263157896,0.0,0.014981483559645382,20,40,0.050000000000000044,0.5455082742316785,n20,first_agent_posts,0.65,0.06205673758865248,0.12943262411347517,0.21099290780141844,9.468771562176647,24
9.659310644013345,dom-tech,0.4535472972972973,0.8068181818181818,0.8813405797101449,218.7665418227216,0.025000000000000022,0.011403508771929824,0.2193294668294668,0.057567222168367654,0.08802631578947369,0.2,0.030303030303030304,20,40,0.025000000000000022,0.4535472972972973,n20,last_agent_posts,0.475,0.12922297297297297,0.25,0.37584459459459457,8.477517391364508,31
11.538151900699653,dom-tech,0.21394831897749375,0.6443869483972977,0.7605717689100655,267.53970401429325,0.020746887966805017,0.06272699475472275,0.2334204365079365,0.05453482240969292,0.21176900584795322,0.2,0.027777777777777776,19,241,0.020746887966805017,0.21394831897749375,n20,late_window,0.44813278008298757,0.11919977771603223,0.2406223951097527,0.3567657682689636,9.22915187074039,72
11.174198226890061,mag0,0.4956794972505892,0.9521319388576026,0.9921681780708986,570.3075840225233,0.0,0.08237547892720305,0.22086830777508745,0.0241982398807329,0.04287356321839081,0.0,0.015625,30,60,0.0,0.4956794972505892,n30,first_agent_posts,0.7166666666666667,0.06991358994501179,0.13393558523173604,0.20777690494893952,9.796729822305034,27
10.366540229998662,mag0,0.3481634764614589,0.801922050186866,0.900165471594043,215.47136843319302,0.0,0.04636015325670498,0.24092884046273877,0.05879263930995599,0.09942528735632183,0.16666666666666666,0.045454545454545456,30,60,0.0,0.3481634764614589,n30,last_agent_posts,0.6166666666666667,0.14123124676668392,0.2591826176927056,0.38851526125193997,8.586356417481145,30
12.25841017528547,mag0,0.1559234113967503,0.6096025186934277,0.7588813917567677,271.22868037810355,0.004950495049504955,0.1090866265195979,0.270361507936508,0.05199021556129222,0.21342364532019706,0.2,0.037037037037037035,29,404,0.004950495049504955,0.1559234113967503,n30,late_window,0.6485148514851485,0.12708825997406362,0.22885040811656115,0.3438858799298192,9.358709362572574,75
11.186984247002663,mag1,0.4352219415373511,0.9037255625230542,0.965673330818559,467.7697837343893,0.01666666666666672,0.036398467432950186,0.20100147968792037,0.03431571222663151,0.06189655172413793,0.0,0.025210084033613446,30,60,0.01666666666666672,0.4352219415373511,n30,first_agent_posts,0.5833333333333334,0.0811981234211476,0.1519307109346806,0.23168531216167448,9.632459934574234,35
9.845556677137303,mag1,0.29517753047164813,0.6852764094143404,0.8002263723825693,152.371475031024,0.0,0.04750957854406131,0.2465778853914447,0.08362342215138191,0.12547441965291864,0.16666666666666666,0.05660377358490566,30,60,0.01666666666666672,0.29517753047164813,n30,last_agent_posts,0.6166666666666667,0.1669316375198728,0.3174350821409645,0.4742978272390037,8.13818662844758,30
11.566086636677523,mag1,0.13537934257672535,0.5198230800160837,0.6668051861702128,172.52796951711,0.00992555831265507,0.07860180928719414,0.22811626984126981,0.0756023122004988,0.2560919540229885,0.16666666666666666,0.044444444444444446,30,403,0.012406947890818865,0.13537934257672535,n30,late_window,0.5359801488833746,0.1638105623928961,0.30604455522667084,0.4493690606013398,8.77851287217678,90
11.393556738668888,mag5,0.4473007712082262,0.9226736566186108,0.9846256684491979,572.5756178313823,0.0,0.06973180076628352,0.21497309658326608,0.03252438825627617,0.05252873563218391,0.0,0.02631578947368421,30,60,0.0,0.4473007712082262,n30,first_agent_posts,0.75,0.07101542416452442,0.1346401028277635,0.21047557840616968,9.863404684123996,22
9.721967366693208,mag5,0.2740126767430522,0.6223003515821195,0.739513205592957,118.09328766738722,0.0,0.059770114942528735,0.3061743341404358,0.10823507898510572,0.2071264367816092,0.2857142857142857,0.08928571428571429,30,60,0.0,0.2740126767430522,n30,last_agent_posts,0.7,0.227206240858118,0.3681131155533886,0.49731838127742567,7.99846128183929,27
11.363008148409042,mag5,0.11659447560889015,0.46390999415546463,0.6087414428646656,134.62691412982312,0.012658227848101222,0.13961709010426773,0.34323750000000003,0.1087562111880998,0.3846059113300493,0.3333333333333333,0.08856209150326798,29,395,0.015189873417721489,0.11659447560889015,n30,late_window,0.6835443037974683,0.21330682383014982,0.3490733508485408,0.45735993751331394,8.656981201897535,67
11.458833589785982,mag25,0.3230452674897119,0.8069077422345851,0.9144334743770569,314.3587906671048,0.0,0.02375478927203065,0.30204017576898934,0.07787684368223527,0.14689655172413793,0.2857142857142857,0.07246376811594203,30,60,0.0,0.3230452674897119,n30,first_agent_posts,0.5,0.11408321902149063,0.21010516689529035,0.31069958847736623,9.431875029512149,38
10.657028599198854,mag25,0.2533375715193897,0.7054439403758911,0.8440185062789161,161.55718063399826,0.01666666666666672,0.04597701149425287,0.3995677517711416,0.11427315758561264,0.19241379310344828,0.4,0.10344827586206896,30,60,0.01666666666666672,0.2533375715193897,n30,last_agent_posts,0.65,0.17546090273363002,0.32072472981563893,0.44787031150667517,8.445447870612332,31
12.200809620762588,mag25,0.10857696821266391,0.49533878443831053,0.6528213582938893,200.28709268863952,0.04020100502512558,0.08807950897703466,0.3574994047619048,0.09203071926749003,0.2974867724867725,0.3333333333333333,0.07407407407407407,28,398,0.045226130653266305,0.10857696821266391,n30,late_window,0.6407035175879398,0.15715087504464514,0.2835858972396551,0.4037450890351549,9.084047699971075,78
11.50554653847562,dom-agi,0.40588403313339044,0.9006102877070619,0.9730848861283644,506.048511622146,0.0,0.06819923371647509,0.20852950408035154,0.04119562198961018,0.06563218390804598,0.0,0.030848532910388582,30,60,0.0,0.40588403313339044,n30,first_agent_posts,0.6833333333333333,0.07397886318194802,0.15052842045129963,0.23707512139388745,9.777569636932965,27
9.807712979657488,dom-agi,0.26006855184233074,0.6182937554969217,0.7271906052393857,148.76716368998854,0.01666666666666672,0.026436781609195402,0.290263429288853,0.11369385585934139,0.20152298850574712,0.25,0.075,30,60,0.01666666666666672,0.26006855184233074,n30,last_agent_posts,0.5333333333333333,0.17480719794344474,0.33590402742073694,0.4940017137960583,8.135433030402838,33
11.089691076259607,dom-agi,0.09708803459225727,0.409494725152693,0.5496254013556904,163.25706980338617,0.03562340966921118,0.08176381543441434,0.30166785714285715,0.10678207911677123,0.2693103448275862,0.2857142857142857,0.06818181818181818,30,393,0.03562340966921118,0.09708803459225727,n30,late_window,0.49872773536895676,0.16708330518208228,0.3161272886967097,0.4687521113438281,8.511826315195302,85
11.535899497131924,dom-tech,0.37475941710200716,0.88848518725545,0.9630576868428531,467.89179724806337,0.0,0.08122605363984675,0.17693287133672872,0.0463954408936048,0.07402298850574714,0.0,0.038461538461538464,30,59,0.0,0.37475941710200716,n30,first_agent_posts,0.6779661016949152,0.08166070937585923,0.1539730547154248,0.24388232059389606,9.682540161254206,29
10.017081321854075,dom-tech,0.22085276482345104,0.5681277607883113,0.694868238557559,123.79466468859033,0.0,0.09042145593869733,0.4146551724137931,0.1299831814779569,0.20684546615581098,0.42857142857142855,0.09210526315789473,30,59,0.016949152542372836,0.22085276482345104,n30,last_agent_posts,0.7457627118644068,0.20986009327115257,0.35609593604263823,0.5049966688874084,8.085364905814762,25
11.189183494343318,dom-tech,0.098053939052625,0.4138680995330391,0.5415112855740922,145.395377951048,0.005747126436781658,0.12118931870691549,0.34493928571428567,0.10476338282893555,0.345014245014245,0.3333333333333333,0.05172413793103448,27,348,0.005747126436781658,0.098053939052625,n30,late_window,0.7183908045977011,0.1885363869595144,0.32845253738814845,0.4683686878167824,8.529818455319205,57
