scale,condition,run_name,post_id,author_name,minutes_elapsed,bin_idx,in_family,top_topic,top_similarity,anchor_x,anchor_y,sim_evidence,sim_testing,sim_ownership,sim_time,sim_risk
n10,mag0,bm-mag0-n10,981d415f-9afd-4c01-a9f1-be0d53b17d7b,agent_beta,0.0,0,0,testing,0.617749,-0.847955,-0.446732,0.485364,0.617749,0.502253,0.55715,0.513158
n10,mag0,bm-mag0-n10,84d69fb8-8e66-4c27-a884-3c6bbcb77913,agent_eta,0.023,0,0,testing,0.448046,-0.849891,-0.449837,0.285787,0.448046,0.310175,0.357432,0.32566
n10,mag0,bm-mag0-n10,2e56cd6d-511e-4444-a8a6-695ef010abab,agent_kappa,0.07,0,0,testing,0.55311,-0.847039,-0.448109,0.395031,0.55311,0.435901,0.487553,0.484298
n10,mag0,bm-mag0-n10,6cb19383-d71d-4b0a-a994-f8205ecf8ec2,agent_epsilon,0.073,0,0,testing,0.435496,-0.849851,-0.44977,0.252406,0.435496,0.303781,0.3483,0.310748
n10,mag0,bm-mag0-n10,4851094c-2bbf-4513-a953-f8646b4adc17,agent_delta,0.107,0,0,testing,0.603768,-0.844538,-0.438499,0.547576,0.603768,0.461275,0.552149,0.524962
n10,mag0,bm-mag0-n10,7186b2f0-8c71-4830-ac35-62c7a46f8a3d,agent_zeta,0.284,0,0,testing,0.699599,-0.848727,-0.447942,0.600845,0.699599,0.553286,0.634152,0.595724
n10,mag0,bm-mag0-n10,fdbefdfe-b26b-41c1-acde-019dea703864,agent_iota,0.337,0,0,testing,0.654573,-0.848821,-0.448265,0.488528,0.654573,0.506789,0.587691,0.559105
n10,mag0,bm-mag0-n10,b06b6229-383e-48bb-b26e-3011135c66c4,agent_alpha,0.358,0,0,testing,0.380816,-0.790687,-0.384857,0.282059,0.380816,0.337034,0.348965,0.324734
n10,mag0,bm-mag0-n10,608c41a7-3a68-4af4-87c1-f4a6bb46d2dd,agent_gamma,0.385,0,0,testing,0.525312,-0.844139,-0.441779,0.372425,0.525312,0.428888,0.473984,0.44835
n10,mag0,bm-mag0-n10,bd4e3016-3fe1-4e46-b099-69de1cbfffd8,agent_delta,0.542,0,0,testing,0.700259,-0.849515,-0.449311,0.569392,0.700259,0.541623,0.624119,0.598582
n10,mag0,bm-mag0-n10,3012da1a-a2fc-4ce1-b5cf-90fb5b69e5f6,agent_theta,0.595,0,0,testing,0.474517,-0.758998,-0.386271,0.362881,0.474517,0.420498,0.444243,0.439182
n10,mag0,bm-mag0-n10,6b38ff38-71cc-444b-9d57-30cc9fac535e,agent_epsilon,0.613,0,0,testing,0.379317,-0.820052,-0.426798,0.280831,0.379317,0.319725,0.33787,0.330481
n10,mag0,bm-mag0-n10,3eb84947-a473-410d-8266-b6696e4b8963,agent_beta,0.614,0,0,testing,0.690658,-0.833944,-0.427964,0.575169,0.690658,0.59802,0.649342,0.625557
n10,mag0,bm-mag0-n10,76d3f373-65df-472f-b834-b5e0091c7bc3,agent_eta,0.767,0,0,testing,0.674585,-0.844572,-0.430237,0.630025,0.674585,0.536327,0.623576,0.589587
n10,mag0,bm-mag0-n10,7dc1df90-e272-450f-9fa0-aec41504702d,agent_iota,0.785,0,0,testing,0.645509,-0.849871,-0.4498,0.480546,0.645509,0.485016,0.556976,0.521427
n10,mag0,bm-mag0-n10,e7646bf8-2adc-4f30-a4e2-03e954c22a03,agent_kappa,0.806,0,0,evidence,0.616991,-0.736156,0.125794,0.616991,0.616093,0.564788,0.599069,0.587925
n10,mag0,bm-mag0-n10,64c76106-ec80-42c5-91c7-9f41f151f46b,agent_gamma,1.008,0,0,testing,0.744903,-0.206548,-0.200464,0.664499,0.744903,0.709631,0.73455,0.738177
n10,mag0,bm-mag0-n10,1fc8195a-1c60-46fb-8c13-14ec6e980d62,agent_delta,1.543,0,0,time,0.783599,-0.171302,0.713813,0.77263,0.754883,0.705532,0.783599,0.759673
n10,mag0,bm-mag0-n10,6e953530-6fd2-4a11-95fb-2d3253cd1f6f,agent_epsilon,1.605,0,0,evidence,0.834804,-0.693888,0.428247,0.834804,0.817792,0.753023,0.816566,0.804172
n10,mag0,bm-mag0-n10,e45e49d7-14fd-4848-921c-740263097da4,agent_kappa,1.679,0,0,evidence,0.769227,-0.777245,0.537251,0.769227,0.674168,0.733714,0.720666,0.725253
n10,mag0,bm-mag0-n10,c8b9e14e-0e74-44ab-82f1-1aedc29ba1e9,agent_theta,1.842,0,0,testing,0.707936,-0.812879,-0.417896,0.606644,0.707936,0.649966,0.669915,0.66011
n10,mag0,bm-mag0-n10,2f9feddf-a6eb-4050-a342-ccfbb44f26d6,agent_iota,1.977,0,1,evidence,0.764485,-0.846207,0.548915,0.764485,0.646418,0.687289,0.695262,0.698036
n10,mag0,bm-mag0-n10,35e60cd8-9335-488f-bff1-3c9affb16a08,agent_eta,2.042,0,0,evidence,0.818823,-0.610653,0.462284,0.818823,0.74945,0.772633,0.793069,0.797812
n10,mag0,bm-mag0-n10,b55f7c38-d8d7-4d5b-8776-1ff8930dd1e3,agent_alpha,2.06,0,0,testing,0.710534,-0.459829,0.064009,0.619958,0.710534,0.658002,0.70588,0.684259
n10,mag0,bm-mag0-n10,9db28f07-06b4-46cb-aa5e-e5f995444ad3,agent_delta,2.554,0,0,risk,0.677195,0.490082,0.043665,0.615481,0.642982,0.641187,0.673031,0.677195
n10,mag0,bm-mag0-n10,f10d49a4-d228-4012-a28e-f12f334c6b0f,agent_alpha,2.558,0,0,evidence,0.781849,-0.845682,0.54872,0.781849,0.651571,0.680717,0.717211,0.718244
n10,mag0,bm-mag0-n10,4632f1f1-d95d-4dc4-8675-e899c365f853,agent_epsilon,2.67,0,0,evidence,0.783098,-0.39846,0.393569,0.783098,0.706159,0.728092,0.767558,0.770729
n10,mag0,bm-mag0-n10,1de65de1-7e64-45c1-b0f0-5330068865fd,agent_kappa,2.704,0,0,ownership,0.728883,0.763902,0.359539,0.698081,0.64836,0.728883,0.693601,0.708314
n10,mag0,bm-mag0-n10,cfed1e70-fa11-4232-8018-54d48e694c6b,agent_beta,2.769,0,0,ownership,0.725056,0.814589,0.42282,0.685569,0.60654,0.725056,0.673049,0.691077
n10,mag0,bm-mag0-n10,9c81c7d3-2591-44e6-9bae-1ff3e12e83b3,agent_eta,2.77,0,0,evidence,0.835733,-0.696374,0.515508,0.835733,0.72876,0.781999,0.809561,0.8079
n10,mag0,bm-mag0-n10,6222a9e0-8c68-44b6-9c69-7d505a3350c1,agent_iota,2.829,0,0,evidence,0.874702,-0.747898,0.51643,0.874702,0.780559,0.796635,0.841658,0.843978
n10,mag0,bm-mag0-n10,ca822c9f-0356-46b9-ab41-7667c83208f6,agent_beta,3.408,0,0,evidence,0.783272,-0.789728,0.540792,0.783272,0.681519,0.742092,0.741715,0.739792
n10,mag0,bm-mag0-n10,169337c0-50c1-4091-bada-17a6596b3804,agent_delta,3.557,0,0,evidence,0.830799,-0.751258,0.542459,0.830799,0.729348,0.76628,0.803209,0.795856
n10,mag0,bm-mag0-n10,33a42e3e-c7f6-45c7-b033-7683b4505f56,agent_alpha,3.614,0,0,evidence,0.839457,-0.776592,0.519652,0.839457,0.710247,0.781202,0.798052,0.805812
n10,mag0,bm-mag0-n10,d6c2f3bd-30cb-4539-a2fa-58a44fb1b273,agent_eta,3.718,0,0,evidence,0.806579,-0.812638,0.544511,0.806579,0.706875,0.71415,0.767589,0.762736
n10,mag0,bm-mag0-n10,4da83f2e-9f55-43dc-bf82-80a697672587,agent_kappa,3.735,0,1,evidence,0.80233,-0.839606,0.548258,0.80233,0.66169,0.737667,0.746203,0.743484
n10,mag0,bm-mag0-n10,fe3fbbce-79d9-4a5d-abb9-4acb0bb9b2a5,agent_iota,3.825,0,0,evidence,0.821364,-0.812949,0.529626,0.821364,0.66748,0.759506,0.757654,0.781932
n10,mag0,bm-mag0-n10,ee8cac12-bb4d-450a-a64e-0a8f1050bbc7,agent_theta,3.846,0,0,evidence,0.835087,-0.807531,0.537864,0.835087,0.710214,0.777267,0.791989,0.793732
n10,mag0,bm-mag0-n10,a95135b5-10a5-4c1d-a68e-5f3450618f2c,agent_beta,4.346,0,0,evidence,0.807584,-0.845069,0.548732,0.807584,0.673519,0.735075,0.741019,0.742945
n10,mag0,bm-mag0-n10,bc44d721-e0bf-4fed-87f1-efdf2f7a0218,agent_alpha,4.585,0,0,ownership,0.66431,0.833043,0.449046,0.618312,0.523438,0.66431,0.570309,0.60222
n10,mag0,bm-mag0-n10,62c3c859-122a-40b9-b2ab-de4879443743,agent_epsilon,4.657,0,0,evidence,0.834041,-0.829878,0.539507,0.834041,0.67793,0.763947,0.770523,0.788201
n10,mag0,bm-mag0-n10,b79b21f6-7e5f-48fa-a015-88e08e00a595,agent_iota,4.725,0,0,ownership,0.76463,0.801181,0.359282,0.724873,0.681951,0.76463,0.729292,0.743629
n10,mag0,bm-mag0-n10,45676532-a27e-4b43-8325-d214b05850bf,agent_kappa,4.743,0,0,ownership,0.558885,0.416948,0.299076,0.550813,0.46404,0.558885,0.520416,0.547673
n10,mag0,bm-mag0-n10,50720355-ec35-4d7a-9a47-070a09a8791f,agent_theta,4.77,0,0,evidence,0.829032,-0.776989,0.517642,0.829032,0.691391,0.782233,0.778914,0.794741
n10,mag0,bm-mag0-n10,62cbcd8d-08a3-48bd-97a9-0d794237e7bc,agent_eta,4.876,0,0,evidence,0.79054,-0.827294,0.54157,0.79054,0.654528,0.732451,0.73409,0.743202
n10,mag0,bm-mag0-n10,8b8248fa-a3b9-4941-b362-e168a59c7af7,agent_beta,5.295,0,0,evidence,0.767793,-0.84089,0.546442,0.767793,0.582656,0.705458,0.68974,0.710416
n10,mag0,bm-mag0-n10,1d4f8bc1-7a34-4a69-987a-03245717cee4,agent_delta,5.644,0,0,evidence,0.829399,-0.800494,0.531339,0.829399,0.666004,0.785337,0.76543,0.788645
n10,mag0,bm-mag0-n10,bf938b84-d123-4dcd-8dda-55c927ada8bc,agent_epsilon,5.663,0,0,evidence,0.782073,-0.762766,0.505016,0.782073,0.621669,0.733283,0.728561,0.750893
n10,mag0,bm-mag0-n10,52037c2a-76dd-43b3-ab9e-9c43d84b772e,agent_kappa,5.728,0,0,ownership,0.634264,0.450805,0.470432,0.622489,0.491799,0.634264,0.555986,0.579494
n10,mag0,bm-mag0-n10,807f1774-096b-4bc0-9ddf-61322e449e89,agent_eta,5.737,0,0,evidence,0.844688,-0.844146,0.548754,0.844688,0.684496,0.774001,0.78144,0.780984
n10,mag0,bm-mag0-n10,1bce0529-5de6-46c5-844b-05d49d00db89,agent_zeta,5.759,0,0,ownership,0.654641,0.05585,0.484081,0.653571,0.523289,0.654641,0.588872,0.617729
n10,mag0,bm-mag0-n10,f69c4618-e228-4a73-935b-ed443d25020d,agent_iota,5.881,0,0,ownership,0.703839,0.594423,0.427448,0.686859,0.593593,0.703839,0.653268,0.673763
n10,mag0,bm-mag0-n10,e0998074-2745-41e6-b53a-2d431b62fc28,agent_beta,6.364,0,0,ownership,0.728135,0.429911,0.393071,0.71806,0.625151,0.728135,0.688962,0.707949
n10,mag0,bm-mag0-n10,0f6cd43f-3fc8-4cf7-b8ff-d96042b91796,agent_delta,6.526,0,0,ownership,0.728699,0.78246,0.437697,0.696225,0.603193,0.728699,0.679048,0.689822
n10,mag0,bm-mag0-n10,b2ca0d06-de6d-442e-a6ea-74a1ff1ec827,agent_epsilon,6.655,0,0,risk,0.751982,0.542106,0.052473,0.743232,0.653319,0.751286,0.715884,0.751982
n10,mag0,bm-mag0-n10,2ae77d67-efb4-42ce-90e8-112288ce5ab5,agent_eta,6.69,0,0,ownership,0.722065,0.786991,0.332573,0.689701,0.603585,0.722065,0.676305,0.703089
n10,mag0,bm-mag0-n10,1dc4937d-3d51-4ac5-b646-f12c62c29def,agent_kappa,6.697,0,0,ownership,0.608116,0.491197,0.444406,0.595269,0.484955,0.608116,0.534789,0.574688
n10,mag0,bm-mag0-n10,706397a6-6be8-4960-bf5f-9a7f42db0251,agent_theta,6.74,0,0,ownership,0.661327,0.818005,0.445026,0.621801,0.506894,0.661327,0.577508,0.611907
n10,mag0,bm-mag0-n10,7fd9c76c-f2ae-4149-ba38-654f13605180,agent_iota,6.796,0,0,ownership,0.690179,0.833475,0.449113,0.643929,0.530833,0.690179,0.593354,0.627567
n10,mag0,bm-mag0-n10,7836e7ec-3d49-4fb8-a09d-2a17917e95fb,agent_beta,7.288,0,0,ownership,0.544078,0.656551,0.442649,0.523705,0.453044,0.544078,0.480795,0.506054
n10,mag1,bm-mag1-n10,3154ed51-bde4-4197-a6d5-41c7c04363a4,agent_beta,0.0,0,0,testing,0.518357,-0.843938,-0.44074,0.420313,0.518357,0.429288,0.468068,0.432224
n10,mag1,bm-mag1-n10,84de7317-16ab-492d-b645-a4aac14d57c4,agent_zeta,0.435,0,0,testing,0.49675,-0.836467,-0.432301,0.423887,0.49675,0.416108,0.452733,0.432601
n10,mag1,bm-mag1-n10,f63bdd1b-b1f6-419f-9b06-50b1ab396acb,agent_alpha,0.449,0,0,testing,0.509363,-0.51548,-0.055489,0.436444,0.509363,0.465894,0.500721,0.483207
n10,mag1,bm-mag1-n10,653eb515-bbc4-40bb-bfaa-33c38419a895,agent_gamma,0.464,0,0,testing,0.673779,-0.849042,-0.448499,0.525025,0.673779,0.545664,0.605405,0.56782
n10,mag1,bm-mag1-n10,ad58f627-30cc-487e-95f3-d9acba413915,agent_eta,0.478,0,0,testing,0.621728,-0.823525,-0.407354,0.562464,0.621728,0.537903,0.586498,0.553714
n10,mag1,bm-mag1-n10,52d5b080-a2f4-4a4c-ad81-6fdc7ba25466,agent_theta,0.518,0,0,testing,0.53529,-0.838382,-0.433268,0.450993,0.53529,0.445347,0.491005,0.464395
n10,mag1,bm-mag1-n10,c08402e2-0db8-45c1-b978-e1a6e08feb7b,agent_iota,0.539,0,0,testing,0.663076,-0.846924,-0.445473,0.512968,0.663076,0.535514,0.605802,0.577129
n10,mag1,bm-mag1-n10,0c79399e-7016-4571-8be6-ed991283b081,agent_delta,0.556,0,0,testing,0.557296,-0.839517,-0.433772,0.46878,0.557296,0.469269,0.512691,0.476606
n10,mag1,bm-mag1-n10,ea99fd33-dedb-4f16-96eb-2b343c93dffb,agent_beta,0.669,0,0,testing,0.646606,-0.843086,-0.439111,0.548848,0.646606,0.541681,0.598063,0.560097
n10,mag1,bm-mag1-n10,e7c06481-f8d6-4ad0-82e1-d216f139dcd5,agent_kappa,0.777,0,0,testing,0.619911,-0.848645,-0.448591,0.480558,0.619911,0.516277,0.550891,0.537513
n10,mag1,bm-mag1-n10,be6f4ddc-16aa-48a3-a320-34a12c85ad38,agent_epsilon,0.954,0,1,testing,0.64061,-0.834314,-0.425085,0.53586,0.64061,0.531687,0.6005,0.560173
n10,mag1,bm-mag1-n10,affad3dc-abd8-4aa8-b0ff-429d963d1946,agent_delta,0.962,0,0,testing,0.640808,-0.846752,-0.445065,0.537096,0.640808,0.524263,0.584317,0.552661
n10,mag1,bm-mag1-n10,67752bf9-7b5d-4018-83ac-180ed936beee,agent_gamma,1.004,0,0,testing,0.666616,-0.703996,-0.225055,0.609212,0.666616,0.608413,0.649964,0.614759
n10,mag1,bm-mag1-n10,374eaf6f-f9ae-4d88-a3cf-9d9d4afb72ee,agent_alpha,1.019,0,0,testing,0.703534,-0.476633,-0.005176,0.627222,0.703534,0.673821,0.696091,0.675345
n10,mag1,bm-mag1-n10,e5f07c3d-47e6-4316-8acb-2290a505145a,agent_iota,1.081,0,0,testing,0.764549,-0.767489,-0.295086,0.730805,0.764549,0.652915,0.741726,0.710102
n10,mag1,bm-mag1-n10,501dae04-09ba-4b49-ba40-23568dde34c0,agent_theta,1.093,0,0,testing,0.668098,-0.844552,-0.441566,0.567617,0.668098,0.553618,0.617001,0.582666
n10,mag1,bm-mag1-n10,2bd5f05a-d091-4bae-8d5c-1a1454036d95,agent_kappa,1.138,0,0,testing,0.605151,-0.501567,0.038288,0.572792,0.605151,0.573384,0.598551,0.571456
n10,mag1,bm-mag1-n10,86465af5-7906-487a-92fc-784e077171ba,agent_beta,1.63,0,0,testing,0.766441,-0.277786,-0.11055,0.70255,0.766441,0.721908,0.758904,0.756783
n10,mag1,bm-mag1-n10,5604a834-cce0-4202-b5c7-405fac4aa227,agent_alpha,1.709,0,0,testing,0.546622,-0.644286,-0.134713,0.504547,0.546622,0.503076,0.533791,0.497512
n10,mag1,bm-mag1-n10,b19ddd2b-474a-4122-9bf5-64058c627bba,agent_delta,1.943,0,0,testing,0.63288,-0.465425,0.090529,0.618906,0.63288,0.609176,0.626381,0.6084
n10,mag1,bm-mag1-n10,76d2c284-72d6-4a76-9641-c46898267d96,agent_theta,2.012,0,0,time,0.709969,0.352456,0.555274,0.642153,0.68438,0.706051,0.709969,0.694935
n10,mag1,bm-mag1-n10,bdb711f8-bc40-4ce0-93db-289d570427f1,agent_gamma,2.041,0,0,ownership,0.675408,0.376865,0.382769,0.666453,0.635677,0.675408,0.653313,0.659073
n10,mag1,bm-mag1-n10,9ec92a2b-4c75-43a1-a698-7df0263f0a66,agent_iota,2.075,0,0,testing,0.730374,-0.728852,-0.310786,0.653036,0.730374,0.685493,0.707972,0.689259
n10,mag1,bm-mag1-n10,719f19ea-d99f-4555-935b-5b0e9f58fccb,agent_kappa,2.202,0,0,evidence,0.743768,-0.82936,0.550459,0.743768,0.661526,0.684378,0.699806,0.687425
n10,mag1,bm-mag1-n10,d19615dc-5b6b-4198-889d-08c75f8ea47d,agent_epsilon,2.515,0,1,time,0.682032,-0.003673,0.692059,0.668946,0.652879,0.667611,0.682032,0.656882
n10,mag1,bm-mag1-n10,fc058472-ccf8-452d-a4dd-9ffd45ad6518,agent_alpha,2.658,0,0,evidence,0.656283,-0.140239,0.447185,0.656283,0.620135,0.651305,0.630212,0.634894
n10,mag1,bm-mag1-n10,243248df-51a2-46ad-80aa-3e14951bd401,agent_gamma,2.991,0,0,evidence,0.853849,-0.811324,0.540966,0.853849,0.749212,0.779425,0.812976,0.811512
n10,mag1,bm-mag1-n10,777b56ad-abd6-429c-81f5-c2cde1d8a8ce,agent_beta,2.994,0,0,risk,0.730582,0.467447,0.08219,0.693122,0.702597,0.710864,0.726931,0.730582
n10,mag1,bm-mag1-n10,cf712583-0f92-4e21-8664-c77631acb4a7,agent_theta,3.093,0,0,evidence,0.813709,-0.030432,0.117208,0.813709,0.760474,0.786343,0.794809,0.812263
n10,mag1,bm-mag1-n10,fe9d0a54-2d5a-41e3-bb5e-7f3e0594b311,agent_delta,3.099,0,0,risk,0.789713,0.715815,-0.247919,0.764878,0.725731,0.776009,0.759532,0.789713
n10,mag1,bm-mag1-n10,ffdea783-281b-4b71-a531-4fabb20e9b45,agent_kappa,3.118,0,0,evidence,0.749572,-0.847682,0.549329,0.749572,0.636663,0.651796,0.678603,0.679386
n10,mag1,bm-mag1-n10,5f9ba4ea-3e88-44dd-ba57-05b6b66d93ba,agent_iota,3.127,0,0,risk,0.787157,0.545037,-0.159895,0.771246,0.733166,0.769816,0.766391,0.787157
n10,mag1,bm-mag1-n10,ee7efce6-bb39-4f56-99f8-9655494e45b4,agent_eta,3.143,0,0,risk,0.737,0.423105,0.136179,0.713188,0.716972,0.728029,0.733937,0.737
n10,mag1,bm-mag1-n10,643f46f4-c5be-4ad2-a674-132459a63e6a,agent_epsilon,3.311,0,0,evidence,0.828498,-0.585533,0.444954,0.828498,0.750843,0.799394,0.792241,0.807211
n10,mag1,bm-mag1-n10,37e48f35-877f-42a9-9451-ead95e417abc,agent_beta,3.655,0,0,evidence,0.836961,-0.804702,0.540199,0.836961,0.718365,0.786349,0.794686,0.794233
n10,mag1,bm-mag1-n10,90c237ba-51da-4973-814a-396ee23c88ab,agent_alpha,3.713,0,0,ownership,0.748336,0.370395,0.406236,0.739912,0.688783,0.748336,0.712558,0.727468
n10,mag1,bm-mag1-n10,71693895-de11-4e0d-a38b-8d20efee715e,agent_gamma,4.115,0,0,evidence,0.818098,-0.808804,0.529226,0.818098,0.679872,0.763598,0.755059,0.778799
n10,mag1,bm-mag1-n10,641772de-abc9-4a72-b77a-cde52c656914,agent_iota,4.117,0,0,evidence,0.73886,0.085156,0.114692,0.73886,0.626474,0.728819,0.696528,0.737328
n10,mag1,bm-mag1-n10,8f944b32-a122-4ca1-8d78-faa940623cc7,agent_kappa,4.166,0,0,evidence,0.737615,-0.306138,0.489561,0.737615,0.631079,0.729095,0.678772,0.706176
n10,mag1,bm-mag1-n10,b4ae914b-8e2f-4d7c-b44e-446d90996eed,agent_eta,4.201,0,0,ownership,0.757965,0.569852,0.386031,0.742664,0.661049,0.757965,0.706811,0.735877
n10,mag1,bm-mag1-n10,65eaa3bd-ff9b-47eb-beec-6589dbd313c5,agent_zeta,4.215,0,0,evidence,0.765484,-0.038188,0.288574,0.765484,0.652338,0.75852,0.719051,0.756696
n10,mag1,bm-mag1-n10,6b7664b1-7652-417c-aa6a-47855efb85b1,agent_epsilon,4.29,0,0,ownership,0.766626,0.730491,0.198954,0.718109,0.670735,0.766626,0.752422,0.761198
n10,mag1,bm-mag1-n10,4a05d7cb-a183-4b75-a19d-1ff79f5c1669,agent_theta,4.298,0,0,evidence,0.789835,0.140162,0.178381,0.789835,0.682611,0.785258,0.75001,0.787167
n10,mag1,bm-mag1-n10,fb03cc55-cf85-4c3b-82c4-c8421fbb2192,agent_alpha,4.691,0,0,evidence,0.82856,-0.848068,0.549483,0.82856,0.683378,0.740619,0.754591,0.755621
n10,mag1,bm-mag1-n10,4f4b5600-9e27-4ee7-9248-707127889301,agent_beta,4.793,0,0,ownership,0.7027,0.830654,0.448201,0.658004,0.574319,0.7027,0.616744,0.64481
n10,mag1,bm-mag1-n10,4c1f3c5f-552b-467a-96b6-cbee2b258f06,agent_iota,5.086,0,0,evidence,0.849643,-0.818743,0.538841,0.849643,0.700795,0.802044,0.777128,0.803407
n10,mag1,bm-mag1-n10,123f48f6-1d75-4dab-a380-0ea48fd001df,agent_gamma,5.092,0,0,evidence,0.752227,0.020034,0.449544,0.752227,0.673587,0.75159,0.713342,0.73023
n10,mag1,bm-mag1-n10,b6a1a86d-099c-44e2-b4a9-1859447fbc6c,agent_kappa,5.106,0,0,ownership,0.717716,0.659356,0.395034,0.69748,0.634427,0.717716,0.672531,0.693185
n10,mag1,bm-mag1-n10,e69ef368-a5fb-4010-98f3-bf77bbd73950,agent_theta,5.179,0,0,ownership,0.718441,0.365918,0.240167,0.713304,0.636517,0.718441,0.68179,0.711957
n10,mag1,bm-mag1-n10,bbba823d-07a2-4bac-8a5a-86a486ee6075,agent_eta,5.248,0,0,evidence,0.81095,-0.787369,0.539408,0.81095,0.668686,0.775527,0.750124,0.762922
n10,mag1,bm-mag1-n10,2c1a3121-7c47-4df2-adab-bd684715c709,agent_epsilon,5.259,0,0,evidence,0.771688,-0.712789,0.512216,0.771688,0.663977,0.740857,0.726123,0.738772
n10,mag1,bm-mag1-n10,967b34df-fcb5-43fe-aec4-54752a773cbc,agent_delta,5.396,0,0,ownership,0.619757,0.689115,0.447414,0.597294,0.488493,0.619757,0.540882,0.576825
n10,mag1,bm-mag1-n10,47606993-988b-40fc-a6b5-aa8de66a811a,agent_beta,5.707,0,0,ownership,0.747783,0.287917,0.41999,0.741721,0.654097,0.747783,0.701247,0.725635
n10,mag1,bm-mag1-n10,700e7be0-9762-4c0f-8563-d1ec498f7df9,agent_alpha,5.708,0,0,ownership,0.646229,0.540349,0.294382,0.633549,0.540176,0.646229,0.595131,0.633288
n10,mag1,bm-mag1-n10,77626113-ba6a-4d38-bbfa-3580e319dc7b,agent_delta,6.018,0,0,evidence,0.760638,-0.597614,0.492311,0.760638,0.669791,0.738073,0.722425,0.732605
n10,mag1,bm-mag1-n10,15918252-d57f-4176-a2f1-4a7c6acbe28d,agent_gamma,6.069,0,0,ownership,0.718778,0.784763,0.431679,0.686085,0.575402,0.718778,0.667779,0.682459
n10,mag1,bm-mag1-n10,af6d2f0e-a0f3-4a96-8ed6-72df22b9b090,agent_iota,6.083,0,0,evidence,0.762908,-0.615994,0.504293,0.762908,0.632627,0.741791,0.699418,0.730168
n10,mag1,bm-mag1-n10,a4468580-5a53-40f9-b0c6-c08a46ee7e69,agent_theta,6.124,0,0,evidence,0.796367,-0.653102,0.504576,0.796367,0.676105,0.772237,0.739857,0.764157
n10,mag1,bm-mag1-n10,04ccdd00-77f5-468e-a020-34eb8806aa4a,agent_kappa,6.18,0,0,evidence,0.742751,-0.848256,0.54949,0.742751,0.583499,0.665413,0.657104,0.666622
n10,mag1,bm-mag1-n10,66de572d-8690-43fa-a4a8-a8669feb7078,agent_eta,6.214,0,0,evidence,0.815133,-0.832801,0.546979,0.815133,0.665374,0.766445,0.739844,0.754262
n10,mag1,bm-mag1-n10,0f9fe254-658e-4375-bf3c-da8bd44c8a79,agent_epsilon,6.218,0,0,evidence,0.822268,-0.833886,0.545013,0.822268,0.678613,0.769097,0.748367,0.767907
n10,mag1,bm-mag1-n10,8172452e-e639-4b71-966f-8d8008ac1189,agent_alpha,6.706,0,0,evidence,0.821159,-0.832479,0.543604,0.821159,0.680798,0.765972,0.752449,0.769814
n10,mag1,bm-mag1-n10,de45642f-a30c-4934-8d2c-10ec55a5f111,agent_beta,6.771,0,0,evidence,0.780167,-0.486685,0.473265,0.780167,0.678175,0.763726,0.733841,0.754278
n10,mag1,bm-mag1-n10,29a39562-9e3d-4783-80cd-50ae47899028,agent_iota,7.093,0,0,evidence,0.732973,-0.791035,0.522578,0.732973,0.630026,0.680733,0.681986,0.697075
n10,mag1,bm-mag1-n10,dd3c259f-b0ad-406f-be21-5ce65884b354,agent_kappa,7.112,0,0,evidence,0.676611,-0.436258,0.518435,0.676611,0.567688,0.664889,0.618893,0.631467
n10,mag1,bm-mag1-n10,54645637-913a-4385-9023-ffb2aef0ab32,agent_zeta,7.188,0,0,ownership,0.761231,0.17945,0.444909,0.757728,0.663061,0.761231,0.714234,0.736474
n10,mag1,bm-mag1-n10,8feb3eba-d438-4f3e-9bcc-a049262de9cf,agent_eta,7.21,0,0,evidence,0.795795,-0.797919,0.534461,0.795795,0.661972,0.755353,0.729242,0.752711
n10,mag1,bm-mag1-n10,b95ed059-d382-4423-ac9b-110d8bdd7c2d,agent_epsilon,7.279,0,0,evidence,0.792477,-0.829666,0.540619,0.792477,0.675489,0.724987,0.733709,0.745964
n10,mag1,bm-mag1-n10,301d809e-7540-4ed0-b86e-6ca8cf66cc33,agent_theta,7.281,0,0,evidence,0.810713,-0.820167,0.538275,0.810713,0.677171,0.760502,0.743308,0.765323
n10,mag1,bm-mag1-n10,61ab8689-8aff-4be4-af4c-ce65a37c2848,agent_alpha,7.662,0,0,evidence,0.816975,-0.379894,0.404791,0.816975,0.709624,0.801585,0.766087,0.799002
n10,mag1,bm-mag1-n10,b2a39fe3-c817-4427-8286-8437eda3f058,agent_beta,7.676,0,0,evidence,0.794141,-0.664527,0.512592,0.794141,0.664539,0.770036,0.736902,0.759487
n10,mag5,bm-mag5-n10,f4e0262b-d9c3-4acb-8fc1-2f8337c2a86a,agent_theta,0.0,0,1,testing,0.610474,-0.849618,-0.449404,0.449654,0.610474,0.467195,0.532866,0.496358
n10,mag5,bm-mag5-n10,b82a2e95-d738-4086-8110-e4a5bd229223,agent_gamma,0.178,0,0,testing,0.629084,-0.840522,-0.436568,0.508662,0.629084,0.530104,0.582738,0.556838
n10,mag5,bm-mag5-n10,ac2bc343-81cd-4887-ad0d-33efd314d6c8,agent_kappa,0.197,0,0,testing,0.355726,-0.842805,-0.442374,0.242168,0.355726,0.264001,0.303715,0.290035
n10,mag5,bm-mag5-n10,570318b8-022b-4a08-a83e-4c85e43fd892,agent_alpha,0.221,0,0,testing,0.367831,-0.849651,-0.449495,0.208706,0.367831,0.249761,0.288468,0.259215
n10,mag5,bm-mag5-n10,5762c15b-1e44-4521-b9f2-2333edc8e5d6,agent_eta,0.288,0,0,testing,0.753531,-0.767092,-0.331878,0.660858,0.753531,0.668666,0.729793,0.703756
n10,mag5,bm-mag5-n10,e3bc170e-c435-4a0c-b708-92dde17a0982,agent_zeta,0.32,0,0,time,0.709975,-0.429473,0.492669,0.706567,0.702431,0.625267,0.709975,0.680503
n10,mag5,bm-mag5-n10,8e16aa80-8a09-4d17-980b-790d40b94c32,agent_epsilon,0.419,0,0,testing,0.752033,-0.786724,-0.353079,0.655225,0.752033,0.656077,0.72609,0.692847
n10,mag5,bm-mag5-n10,70f92fa0-9df7-4cd8-9b11-9ec3024d3635,agent_beta,0.442,0,0,testing,0.672608,-0.84815,-0.447373,0.518445,0.672608,0.534221,0.609896,0.584189
n10,mag5,bm-mag5-n10,3226e23f-b1d4-467a-b997-ae3aca0333eb,agent_zeta,0.943,0,0,testing,0.747847,-0.843686,-0.440927,0.657661,0.747847,0.606276,0.697449,0.671877
n10,mag5,bm-mag5-n10,0e51525d-3432-4f33-bf27-8a5b3dccba2c,agent_iota,1.047,0,0,testing,0.767903,-0.523549,-0.040409,0.730384,0.767903,0.707507,0.759617,0.741922
n10,mag5,bm-mag5-n10,4f718237-1110-4c11-a974-4bfc439f3ccc,agent_eta,1.072,0,0,evidence,0.664088,-0.639724,0.256658,0.664088,0.662414,0.612514,0.656942,0.632997
n10,mag5,bm-mag5-n10,03e966a0-ec4c-4609-bad4-7220d7696184,agent_epsilon,1.384,0,0,evidence,0.798105,-0.373368,0.595684,0.798105,0.763036,0.732886,0.795367,0.780252
n10,mag5,bm-mag5-n10,5a5a6f43-c854-4fb2-8c66-d6fc4fe4888f,agent_theta,1.439,0,0,testing,0.763142,-0.776002,-0.324028,0.726574,0.763142,0.654125,0.738187,0.713963
n10,mag5,bm-mag5-n10,fb921a53-3e3b-4af3-8427-dd5ce155302d,agent_iota,1.514,0,0,time,0.768241,0.28723,0.663195,0.720564,0.721926,0.758797,0.768241,0.749811
n10,mag5,bm-mag5-n10,5fdc41bc-ea64-4218-984d-27fe2eb2b62a,agent_alpha,1.55,0,0,testing,0.716938,-0.846542,-0.445519,0.576194,0.716938,0.591089,0.659614,0.639145
n10,mag5,bm-mag5-n10,538a3686-9508-4253-9b4f-f8fab2628f8f,agent_alpha,1.799,0,0,evidence,0.889446,-0.804353,0.535389,0.889446,0.777895,0.831107,0.84616,0.849413
n10,mag5,bm-mag5-n10,3bbdab92-a544-42b2-956d-02478d48a57c,agent_zeta,1.92,0,0,ownership,0.731903,0.385466,0.473488,0.721957,0.649877,0.731903,0.7029,0.696858
n10,mag5,bm-mag5-n10,01882684-75ad-4c2d-b08f-337c18d2f04a,agent_beta,1.926,0,0,time,0.757933,-0.31074,0.235423,0.715751,0.756751,0.710922,0.757933,0.738472
n10,mag5,bm-mag5-n10,fd6b74a7-45fb-4ea3-b898-57cbe98aee1b,agent_epsilon,1.97,0,0,testing,0.721863,-0.370796,0.129397,0.658285,0.721863,0.688963,0.719472,0.700392
n10,mag5,bm-mag5-n10,b3b7276a-0fea-4974-9d4a-df1e246b67ef,agent_iota,2.489,0,0,evidence,0.81748,-0.838187,0.544845,0.81748,0.668466,0.748958,0.75264,0.764854
n10,mag5,bm-mag5-n10,92ef7ceb-32fb-4c7e-a364-e0fd0cbe3626,agent_kappa,2.509,0,0,ownership,0.750818,0.237634,0.308495,0.748436,0.64577,0.750818,0.717755,0.741996
n10,mag5,bm-mag5-n10,ff88abe2-68a4-4b61-9395-eb9a8e97b918,agent_eta,2.743,0,0,risk,0.695444,0.27786,-0.183394,0.63342,0.686369,0.630821,0.686678,0.695444
n10,mag5,bm-mag5-n10,1c83eb03-2b7f-4e2a-b8aa-e631df459cd1,agent_alpha,2.743,0,0,evidence,0.832941,-0.742782,0.510483,0.832941,0.681106,0.797708,0.773161,0.799872
n10,mag5,bm-mag5-n10,a29fd1b2-3b45-4963-b5e4-2f4fec9ced08,agent_zeta,2.887,0,0,risk,0.772727,0.756774,-0.145513,0.734685,0.656615,0.764022,0.752127,0.772727
n10,mag5,bm-mag5-n10,d7b9ade2-c77f-4a1b-b2ce-8345e083aefd,agent_theta,2.922,0,0,evidence,0.748764,-0.332451,0.250164,0.748764,0.651081,0.699427,0.718137,0.740026
n10,mag5,bm-mag5-n10,39e61c25-7395-490c-ba1b-545beb6af7e4,agent_kappa,2.936,0,0,ownership,0.709221,0.739491,0.387841,0.682938,0.618103,0.709221,0.658605,0.684267
n10,mag5,bm-mag5-n10,ce74ea8d-0f61-4c42-91bd-708f5ec72cbd,agent_iota,3.453,0,0,ownership,0.759084,0.824625,0.424587,0.694206,0.639398,0.759084,0.723665,0.727354
n10,mag5,bm-mag5-n10,c6a67622-a2e9-4fa3-a690-cf9d840f6ef8,agent_beta,3.667,0,0,ownership,0.826124,0.818245,0.420504,0.76627,0.713067,0.826124,0.792771,0.796195
n10,mag5,bm-mag5-n10,2a4cca9a-e1f5-4489-a85d-9c9766e1d640,agent_alpha,3.796,0,0,risk,0.796056,0.378441,0.039335,0.788887,0.721544,0.787405,0.779116,0.796056
n10,mag5,bm-mag5-n10,14a12b2b-847a-466c-b197-5567d1a02263,agent_zeta,3.828,0,0,ownership,0.683514,0.275206,0.448202,0.677345,0.60454,0.683514,0.647297,0.656913
n10,mag5,bm-mag5-n10,ae1c498d-25cb-4d3f-bece-d64ddb67c665,agent_kappa,3.873,0,0,ownership,0.634165,0.610645,0.41873,0.616571,0.522207,0.634165,0.574142,0.605509
n10,mag5,bm-mag5-n10,1abba4c3-00a3-4958-9ce7-7127af954782,agent_eta,3.914,0,0,ownership,0.796836,0.846811,0.42182,0.72092,0.652498,0.796836,0.738297,0.761976
n10,mag5,bm-mag5-n10,0ba14ecb-cb7e-429f-893a-d4ee369d0640,agent_epsilon,3.96,0,0,ownership,0.780342,0.82863,0.435575,0.712638,0.665748,0.780342,0.743107,0.744357
n10,mag5,bm-mag5-n10,74f684eb-bfa2-4ab0-a086-ac861ab8fde5,agent_iota,4.442,0,0,ownership,0.744188,0.849287,0.448449,0.634897,0.601611,0.744188,0.672928,0.68183
n10,mag5,bm-mag5-n10,cbd0c4d7-58c0-4cb2-914f-fbdb35a898e0,agent_beta,4.754,0,0,risk,0.75033,0.682142,0.003558,0.72947,0.658346,0.7476,0.731635,0.75033
n10,mag5,bm-mag5-n10,376dd555-a4f5-4558-98ff-fdb1dc776792,agent_alpha,4.792,0,0,ownership,0.812107,0.7886,0.219395,0.752842,0.707218,0.812107,0.789407,0.802918
n10,mag5,bm-mag5-n10,ad1194ce-b41e-4085-a51a-f3cc12c510f6,agent_zeta,4.854,0,0,ownership,0.752003,0.805759,0.380245,0.713858,0.650831,0.752003,0.709548,0.72767
n10,mag5,bm-mag5-n10,f488778e-7335-41ef-9de0-2f6b8da48abb,agent_kappa,4.89,0,0,ownership,0.680605,0.821709,0.443668,0.639295,0.554546,0.680605,0.618694,0.633645
n10,mag5,bm-mag5-n10,7d8651de-3d12-4add-96d4-fb66e7610492,agent_epsilon,4.905,0,0,ownership,0.732364,0.78652,0.277091,0.666038,0.629856,0.732364,0.709484,0.720055
n10,mag5,bm-mag5-n10,33ba0b4b-fbe3-431b-aefe-39994513fb1f,agent_theta,4.922,0,0,ownership,0.820262,0.79779,0.382788,0.739843,0.726324,0.820262,0.793978,0.798715
n10,mag5,bm-mag5-n10,52e8dd48-bc4c-4e56-9d12-d4246f086b6c,agent_eta,4.929,0,0,ownership,0.799459,0.848547,0.434598,0.713907,0.653675,0.799459,0.733412,0.758338
n10,mag5,bm-mag5-n10,347dcc62-6f78-47fd-b035-56f977e67e03,agent_iota,5.509,0,0,ownership,0.764623,0.848459,0.441944,0.691704,0.606957,0.764623,0.687953,0.716869
n10,mag5,bm-mag5-n10,c877f184-9f62-4096-8178-a3b597502181,agent_gamma,5.616,0,0,ownership,0.674677,0.845283,0.444541,0.590575,0.54825,0.674677,0.622033,0.626565
n10,mag5,bm-mag5-n10,0398171b-7ab8-4a87-aca6-6649e6699691,agent_beta,5.767,0,0,ownership,0.750669,0.837489,0.32128,0.695123,0.640397,0.750669,0.704032,0.73206
n10,mag5,bm-mag5-n10,e8415291-a707-4323-be85-13a51eaae82a,agent_alpha,5.816,0,0,ownership,0.682666,0.848627,0.448946,0.596285,0.563884,0.682666,0.615837,0.618862
n10,mag5,bm-mag5-n10,dbc7d343-8d2c-4f49-8e03-d65102c6cf52,agent_zeta,5.845,0,0,ownership,0.747,0.847796,0.449167,0.67953,0.59873,0.747,0.66406,0.678669
n10,mag5,bm-mag5-n10,6ebc1c28-1721-4901-8148-e88860bafbbb,agent_theta,5.866,0,0,risk,0.786419,0.716515,-0.02454,0.727677,0.691351,0.780091,0.773651,0.786419
n10,mag5,bm-mag5-n10,f5fd8a51-0204-4b55-b08b-277e773af07b,agent_kappa,5.94,0,0,ownership,0.720846,0.801775,0.455231,0.671693,0.638676,0.720846,0.689956,0.680483
n10,mag5,bm-mag5-n10,91e845a8-9146-467c-a8ee-934f2ecf6f07,agent_epsilon,5.968,0,0,ownership,0.833929,0.848152,0.441147,0.752427,0.693233,0.833929,0.769681,0.787671
n10,mag5,bm-mag5-n10,558a86aa-d62c-4e0f-93fa-d18f9535cfcb,agent_iota,6.386,0,0,ownership,0.686333,0.622125,0.406051,0.668029,0.604697,0.686333,0.644225,0.66086
n10,mag5,bm-mag5-n10,c3bbb783-1f47-4d0e-aa33-dd4e63b09beb,agent_gamma,6.625,0,0,ownership,0.627199,0.846997,0.44345,0.556997,0.51242,0.627199,0.563784,0.578374
n10,mag5,bm-mag5-n10,eb468435-2e91-455c-9233-e120bc521373,agent_zeta,6.832,0,0,ownership,0.649982,0.577755,0.322049,0.634973,0.558995,0.649982,0.61312,0.634974
n10,mag5,bm-mag5-n10,4e7be439-4738-4f78-92c3-46582850fab3,agent_kappa,6.898,0,0,ownership,0.677736,0.836818,0.445367,0.626107,0.56285,0.677736,0.623266,0.628715
n10,mag5,bm-mag5-n10,93481616-2aca-47bd-9be8-5cb6890c370a,agent_beta,6.94,0,0,ownership,0.786422,0.79315,0.286088,0.750183,0.687015,0.786422,0.752257,0.771747
n10,mag5,bm-mag5-n10,5b67f24e-8e93-44a6-a71e-ebe6762dd32f,agent_eta,6.999,0,0,ownership,0.688365,0.689726,0.258753,0.666155,0.591959,0.688365,0.661396,0.677372
n10,mag5,bm-mag5-n10,074102fa-5e5b-4442-9ea5-c2d991ff0f86,agent_epsilon,7.183,0,0,risk,0.754785,0.73491,0.06986,0.706196,0.658254,0.754295,0.742367,0.754785
n10,mag5,bm-mag5-n10,a334c768-8c12-4b82-8e39-5a202bba7941,agent_iota,7.487,0,0,ownership,0.769546,0.726945,0.400669,0.744126,0.650446,0.769546,0.723893,0.74299
n10,mag25,bm-mag25-n10,0a78460c-44f6-40f3-9c6b-73a9283adc25,agent_epsilon,0.0,0,0,testing,0.5043,-0.849845,-0.449807,0.340274,0.5043,0.36251,0.415497,0.396488
n10,mag25,bm-mag25-n10,531eea8a-a15a-42db-b25e-dba1a51cd736,agent_gamma,0.076,0,0,testing,0.468755,-0.849964,-0.449944,0.295774,0.468755,0.314867,0.367393,0.332581
n10,mag25,bm-mag25-n10,8675984e-3f27-436e-b33d-128daf1e358d,agent_delta,0.087,0,0,testing,0.639417,-0.706033,-0.265005,0.563169,0.639417,0.580921,0.620761,0.600017
n10,mag25,bm-mag25-n10,6ec1c9a3-d352-4fdb-9c5d-8eb5c8de4d73,agent_alpha,0.225,0,0,testing,0.686152,-0.820211,-0.400252,0.632663,0.686152,0.562833,0.652235,0.620373
n10,mag25,bm-mag25-n10,e01fdbe1-ec4f-4551-a236-a3f15f5e2bb9,agent_eta,0.289,0,0,testing,0.637303,-0.834837,-0.429502,0.508556,0.637303,0.538043,0.595279,0.57253
n10,mag25,bm-mag25-n10,4e49185c-b89d-472a-b9bc-d554d9d0e10c,agent_iota,0.373,0,0,testing,0.576726,-0.84971,-0.449652,0.415238,0.576726,0.431543,0.493844,0.476526
n10,mag25,bm-mag25-n10,8acc0380-fd2d-46ff-811d-eadc015710f0,agent_zeta,0.483,0,0,testing,0.271465,-0.841981,-0.446662,0.191177,0.271465,0.179394,0.210932,0.214833
n10,mag25,bm-mag25-n10,06ae1de0-f33e-4bec-a542-371da34b3b34,agent_theta,0.522,0,0,testing,0.552757,-0.828582,-0.417676,0.439832,0.552757,0.481727,0.5151,0.476913
n10,mag25,bm-mag25-n10,f0d397ff-5f16-4115-a5f6-a14afa5b9642,agent_gamma,0.719,0,0,testing,0.611864,-0.829898,-0.423872,0.535913,0.611864,0.508658,0.572168,0.552387
n10,mag25,bm-mag25-n10,bfa733e7-7ffd-4fde-bd2f-020895be7fba,agent_alpha,0.759,0,0,testing,0.566811,-0.84963,-0.449459,0.410907,0.566811,0.43929,0.488226,0.459272
n10,mag25,bm-mag25-n10,53644a0e-af52-42f9-8726-4f54739c9a71,agent_delta,0.877,0,0,testing,0.67796,-0.849043,-0.448961,0.523419,0.67796,0.534242,0.60608,0.592019
n10,mag25,bm-mag25-n10,e32551e7-2e83-4347-a2a3-51d15fe864fa,agent_eta,0.941,0,0,testing,0.680197,-0.844349,-0.442259,0.572183,0.680197,0.574417,0.628294,0.604851
n10,mag25,bm-mag25-n10,97a1edc7-d99b-4c27-934b-f3c72882992d,agent_zeta,0.979,0,0,testing,0.729844,-0.663804,-0.179994,0.691213,0.729844,0.677993,0.715091,0.690571
n10,mag25,bm-mag25-n10,b37d6322-de22-4265-bf3f-a31e078a0d86,agent_iota,1.091,0,0,testing,0.601038,-0.842687,-0.442398,0.487301,0.601038,0.522387,0.548648,0.534545
n10,mag25,bm-mag25-n10,c63ebf56-32bd-4134-b28c-57f829cbd7f6,agent_theta,1.165,0,0,testing,0.623128,-0.849414,-0.44929,0.467057,0.623128,0.491731,0.547364,0.529624
n10,mag25,bm-mag25-n10,ca88e25e-0c19-42c7-981c-0aa1bf04ae80,agent_beta,1.172,0,0,evidence,0.672467,-0.762304,0.558868,0.672467,0.624452,0.62105,0.647057,0.628021
n10,mag25,bm-mag25-n10,3384176b-3f04-42a2-a51a-6c7a25ade62f,agent_gamma,1.698,0,0,testing,0.642196,-0.730701,-0.317167,0.569179,0.642196,0.601538,0.618815,0.599336
n10,mag25,bm-mag25-n10,91e9e4f2-403d-4738-8319-76efca0746f6,agent_delta,1.911,0,0,evidence,0.721187,-0.827356,0.548909,0.721187,0.671807,0.626581,0.683108,0.66155
n10,mag25,bm-mag25-n10,ea7d3b1a-4f3d-4b77-862f-6b91120baffb,agent_alpha,1.951,0,0,testing,0.734268,-0.843039,-0.440158,0.658175,0.734268,0.603399,0.684335,0.662095
n10,mag25,bm-mag25-n10,fb6ef40f-b449-4d3b-883d-141f69cce602,agent_eta,1.975,0,0,testing,0.662714,-0.83679,-0.438898,0.569361,0.662714,0.588788,0.614182,0.605711
n10,mag25,bm-mag25-n10,230f09c4-469e-459c-8795-bb4ca5579083,agent_iota,2.05,0,0,testing,0.746466,-0.841572,-0.439599,0.662531,0.746466,0.613205,0.697436,0.679916
n10,mag25,bm-mag25-n10,64095517-fde8-4b20-ab7f-53a5d406a2e2,agent_zeta,2.076,0,0,testing,0.747831,-0.819822,-0.417835,0.667549,0.747831,0.683232,0.710023,0.695462
n10,mag25,bm-mag25-n10,cadcf6da-d6ef-48bc-86e4-b1179806d6e6,agent_epsilon,2.16,0,0,testing,0.804948,-0.846048,-0.4441,0.670226,0.804948,0.695297,0.750305,0.719792
n10,mag25,bm-mag25-n10,519d4c37-037d-48d1-a392-f409b6785054,agent_theta,2.362,0,0,testing,0.644085,-0.786247,-0.404905,0.580153,0.644085,0.601943,0.606841,0.600382
n10,mag25,bm-mag25-n10,f894a65b-520b-4700-8bf1-ea0f053c4882,agent_gamma,2.645,0,1,evidence,0.746806,-0.803407,0.39511,0.746806,0.731755,0.632553,0.719373,0.689213
n10,mag25,bm-mag25-n10,a84ecba0-d8e1-4d10-95ea-e4a9f7383c81,agent_delta,2.853,0,0,ownership,0.694055,0.720965,0.42476,0.659263,0.659696,0.694055,0.663323,0.657518
n10,mag25,bm-mag25-n10,bcfdfdae-45b5-49ff-a9f2-745e3a1987c4,agent_eta,2.883,0,0,testing,0.630297,-0.822079,-0.355404,0.603835,0.630297,0.505593,0.593069,0.579131
n10,mag25,bm-mag25-n10,50724025-5a11-44fa-9c62-15eb050b4a44,agent_epsilon,3.003,0,0,testing,0.693443,-0.747145,-0.087092,0.684581,0.693443,0.600685,0.671682,0.660679
n10,mag25,bm-mag25-n10,3493172f-3d28-4572-81cf-3eecea99d84a,agent_iota,3.043,0,0,testing,0.732103,-0.70329,0.063648,0.728968,0.732103,0.634249,0.717052,0.704442
n10,mag25,bm-mag25-n10,445366db-579f-48df-b70c-200e6801cb89,agent_theta,3.111,0,0,testing,0.552396,-0.827791,-0.436097,0.465793,0.552396,0.460888,0.506825,0.504058
n10,mag25,bm-mag25-n10,aa9f1bc3-d02c-40a9-9f79-327e308641b9,agent_beta,3.685,0,0,evidence,0.671618,-0.842251,0.548383,0.671618,0.59839,0.591672,0.616256,0.610796
n10,mag25,bm-mag25-n10,ea65fd10-7988-44db-9018-0aa42304c78b,agent_delta,3.748,0,0,evidence,0.738122,-0.827252,0.541716,0.738122,0.65009,0.66793,0.687135,0.691724
n10,mag25,bm-mag25-n10,52d161a5-6eea-4a8b-b895-057263137373,agent_zeta,3.77,0,0,evidence,0.712304,-0.83166,0.544261,0.712304,0.654075,0.609685,0.665895,0.66136
n10,mag25,bm-mag25-n10,e5a7887d-a309-4569-b6c3-3c78d2be9356,agent_eta,3.871,0,0,evidence,0.733649,-0.848246,0.549775,0.733649,0.624747,0.629848,0.664024,0.658203
n10,mag25,bm-mag25-n10,e00eccc0-337a-4bff-b5ad-76a4966314bb,agent_epsilon,3.953,0,0,testing,0.626068,-0.848321,-0.448007,0.535961,0.626068,0.468649,0.560073,0.545234
n10,mag25,bm-mag25-n10,d91b0b90-4dd5-4d51-bb51-d360ec05b1ef,agent_iota,3.984,0,0,evidence,0.801943,-0.821424,0.539168,0.801943,0.713277,0.715831,0.753896,0.758431
n10,mag25,bm-mag25-n10,93788990-d9f0-4f45-b490-c0bf96550f4d,agent_theta,4.054,0,0,testing,0.577078,-0.829132,-0.010931,0.573913,0.577078,0.446347,0.543303,0.523322
n10,mag25,bm-mag25-n10,620d2221-c49d-4ede-b314-68b4c5a8227c,agent_gamma,4.688,0,0,evidence,0.781313,-0.84391,0.550185,0.781313,0.698666,0.671156,0.727546,0.714679
n10,mag25,bm-mag25-n10,3b3f54cb-f28e-4b92-812e-f9b4f609545c,agent_eta,4.857,0,0,evidence,0.68421,-0.848267,0.549689,0.68421,0.596041,0.591113,0.614244,0.607649
n10,mag25,bm-mag25-n10,9a401b2d-d9c1-4131-af90-31c7f730fd1f,agent_theta,5.002,0,0,testing,0.620911,-0.837283,-0.361556,0.595101,0.620911,0.480576,0.578862,0.548295
n10,mag25,bm-mag25-n10,bf21dd9b-1d77-48bc-811c-471366a14e2c,agent_epsilon,5.013,0,0,evidence,0.708818,-0.846186,0.549399,0.708818,0.615605,0.586438,0.646976,0.641693
n10,mag25,bm-mag25-n10,a07c908f-2cf1-450a-a011-221f01ac2afd,agent_iota,5.049,0,0,evidence,0.712832,-0.826594,0.541857,0.712832,0.650341,0.613896,0.666272,0.666002
n10,mag25,bm-mag25-n10,f99a8174-86ef-4181-8c16-14b56b71478f,agent_gamma,5.662,0,0,evidence,0.734326,-0.84726,0.549262,0.734326,0.615189,0.615371,0.666121,0.665858
n10,mag25,bm-mag25-n10,1fd274f0-4db5-4b48-af7f-54a115841582,agent_eta,5.917,0,1,evidence,0.64939,-0.848492,0.549651,0.64939,0.535647,0.550108,0.57555,0.573941
n10,mag25,bm-mag25-n10,56c97980-ee5a-49c3-96d3-4c90b0e416f6,agent_epsilon,5.932,0,0,risk,0.473523,0.711492,-0.104559,0.442752,0.443762,0.468335,0.450242,0.473523
n10,mag25,bm-mag25-n10,38fda942-5532-4f79-aee8-3a2920adb48f,agent_delta,5.937,0,0,testing,0.501626,-0.839846,-0.438512,0.401454,0.501626,0.411927,0.453712,0.438179
n10,mag25,bm-mag25-n10,c0378c06-6646-4177-b9a2-3a3fa317c095,agent_theta,5.938,0,0,risk,0.564268,0.547793,-0.341559,0.533013,0.544313,0.532743,0.542751,0.564268
n10,mag25,bm-mag25-n10,dd54421b-074e-447c-9794-3c4a0aee6f33,agent_iota,6.249,0,0,evidence,0.717024,-0.842949,0.54646,0.717024,0.614514,0.613196,0.648772,0.660738
n10,mag25,bm-mag25-n10,455381dc-ff50-46e7-8cab-0316111a8fc6,agent_zeta,6.282,0,0,evidence,0.723233,-0.842019,0.547225,0.723233,0.620756,0.627264,0.6633,0.666414
n10,mag25,bm-mag25-n10,5b486e80-d200-415c-88b2-5085257ebaf8,agent_delta,6.805,0,0,evidence,0.773302,-0.849429,0.549866,0.773302,0.634662,0.669823,0.68887,0.687935
n10,mag25,bm-mag25-n10,ffe877d0-f2b2-433a-81df-f3709c5eee58,agent_epsilon,6.917,0,0,evidence,0.727188,-0.848933,0.549812,0.727188,0.609465,0.634286,0.649892,0.646586
n10,mag25,bm-mag25-n10,c283f14f-df0b-43bf-a7d0-c5a007018466,agent_eta,6.918,0,0,evidence,0.783256,-0.848475,0.549599,0.783256,0.653247,0.67301,0.709124,0.708739
n10,mag25,bm-mag25-n10,2a8bac5b-8748-4299-9001-d13c88cc9b96,agent_theta,6.945,0,0,risk,0.697181,-0.004162,0.076288,0.69681,0.668369,0.649613,0.682242,0.697181
n10,mag25,bm-mag25-n10,1d0b1859-3d23-4134-8fd0-fdf02e31e591,agent_iota,7.029,0,0,evidence,0.733825,-0.844099,0.549335,0.733825,0.646648,0.647288,0.676762,0.669771
n10,dom-agi,bm-dom-agi-n10,759c239b-4586-4906-a637-51cf881e311f,agent_alpha,0.0,0,0,testing,0.409441,-0.848385,-0.448059,0.267732,0.409441,0.307541,0.343584,0.325412
n10,dom-agi,bm-dom-agi-n10,93521ce4-1cbf-4fa9-a9fa-c6ff18a8fb61,agent_eta,0.5,0,0,testing,0.414412,-0.849953,-0.449939,0.244587,0.414412,0.26141,0.314097,0.292651
n10,dom-agi,bm-dom-agi-n10,c93f8ea6-54a5-45ca-9e1c-f44944438a6a,agent_beta,0.52,0,0,testing,0.470535,-0.846017,-0.445712,0.336283,0.470535,0.381853,0.412552,0.397819
n10,dom-agi,bm-dom-agi-n10,1dcedebb-a7fd-4557-884e-a1fb57c38ea5,agent_gamma,0.627,0,0,testing,0.394758,-0.819866,-0.419839,0.292148,0.394758,0.319063,0.356722,0.34453
n10,dom-agi,bm-dom-agi-n10,ecb27c28-96c0-4489-9c2b-0f16fc172894,agent_theta,0.637,0,0,testing,0.411483,-0.843772,-0.442511,0.266707,0.411483,0.317405,0.35926,0.341431
n10,dom-agi,bm-dom-agi-n10,d4c3e8ef-a96a-438c-867d-d5ac0f1bca7e,agent_epsilon,0.638,0,1,testing,0.444658,-0.848224,-0.44829,0.305528,0.444658,0.334058,0.377748,0.36665
n10,dom-agi,bm-dom-agi-n10,dd5d4e23-eff4-4840-9e2e-bafc96854947,agent_kappa,0.716,0,0,testing,0.446371,-0.848608,-0.448507,0.322058,0.446371,0.320053,0.378084,0.364395
n10,dom-agi,bm-dom-agi-n10,78445134-256a-4459-a13c-5e7018cce948,agent_delta,0.928,0,1,testing,0.473549,-0.84872,-0.44888,0.333786,0.473549,0.341801,0.40253,0.393695
n10,dom-agi,bm-dom-agi-n10,3c608792-282e-49ba-983f-c4bf95571492,agent_zeta,1.031,0,0,testing,0.469055,-0.849246,-0.449116,0.333247,0.469055,0.329678,0.3955,0.379064
n10,dom-agi,bm-dom-agi-n10,bfc53a72-f0b8-4995-9c9a-cf059655019a,agent_iota,1.032,0,0,testing,0.481868,-0.835342,-0.440241,0.327762,0.481868,0.386736,0.432758,0.428831
n10,dom-agi,bm-dom-agi-n10,a7986a2c-4fd0-4cca-b1c8-ad2eba9ed457,agent_beta,1.323,0,0,risk,0.640884,0.343995,-0.121691,0.55942,0.62966,0.615543,0.633051,0.640884
n10,dom-agi,bm-dom-agi-n10,c4d1e6b9-be06-4648-a1fd-06ff078849c7,agent_epsilon,1.349,0,0,testing,0.572088,-0.83647,-0.433692,0.432492,0.572088,0.481093,0.527762,0.510025
n10,dom-agi,bm-dom-agi-n10,b5d8e3f1-149b-450d-b467-d3ef51ae3c7e,agent_delta,1.396,0,0,testing,0.48653,-0.848304,-0.448098,0.316483,0.48653,0.382892,0.420532,0.404981
n10,dom-agi,bm-dom-agi-n10,12a600c1-4623-41ad-b582-96fdb9124798,agent_eta,1.863,0,0,testing,0.37878,-0.846167,-0.446503,0.233741,0.37878,0.285236,0.318931,0.308848
n10,dom-agi,bm-dom-agi-n10,2ed751c9-4861-419b-b06c-64c3f7a9692b,agent_gamma,2.147,0,0,testing,0.519464,-0.788433,-0.399975,0.384687,0.519464,0.453599,0.486806,0.479195
n10,dom-agi,bm-dom-agi-n10,061c6a65-e7c2-46c9-bc89-23c4662ad6df,agent_iota,2.279,0,0,testing,0.487241,-0.849391,-0.449365,0.294512,0.487241,0.384528,0.409932,0.395556
n10,dom-agi,bm-dom-agi-n10,114065a8-d3be-4aa2-a81d-8b8de56b8d75,agent_epsilon,2.343,0,0,testing,0.53355,-0.845464,-0.446207,0.372743,0.53355,0.4223,0.474773,0.466816
n10,dom-agi,bm-dom-agi-n10,e20a94f8-222c-481d-9497-48ed1d8fa759,agent_theta,2.451,0,0,testing,0.549872,-0.847797,-0.447648,0.374921,0.549872,0.465781,0.485251,0.46859
n10,dom-agi,bm-dom-agi-n10,3238b80f-3a8d-4a31-8622-6f13df37d0e2,agent_gamma,2.467,0,0,testing,0.479675,-0.472901,-0.1663,0.367225,0.479675,0.450077,0.466664,0.459718
n10,dom-agi,bm-dom-agi-n10,35b1bb04-89b5-452f-be20-17bc4f9100b5,agent_beta,2.511,0,0,testing,0.646657,-0.84458,-0.443799,0.473884,0.646657,0.560432,0.592388,0.575686
n10,dom-agi,bm-dom-agi-n10,bad0f209-e25a-4905-98bc-e9a08bd59907,agent_kappa,2.725,0,0,ownership,0.588932,0.747813,0.382197,0.485597,0.547997,0.588932,0.567622,0.568542
n10,dom-agi,bm-dom-agi-n10,ce618fae-5a57-45d0-aaac-dcc361944205,agent_zeta,2.83,0,0,testing,0.56959,-0.841403,-0.4425,0.401025,0.56959,0.490352,0.517217,0.507823
n10,dom-agi,bm-dom-agi-n10,797fbd53-7772-46b1-bd57-3d6e17b06341,agent_eta,2.883,0,0,testing,0.607836,-0.084273,0.071283,0.595891,0.607836,0.606429,0.590848,0.59083
n10,dom-agi,bm-dom-agi-n10,58a53785-526b-4d4f-9fd3-0759b226a2bd,agent_delta,3.003,0,0,testing,0.622,-0.691127,-0.328318,0.485065,0.622,0.571167,0.599015,0.592408
n10,dom-agi,bm-dom-agi-n10,ce6e9ee1-2392-43b2-a436-c885d6b4cd0b,agent_beta,3.098,0,0,ownership,0.631688,0.847501,0.447429,0.518723,0.536934,0.631688,0.572842,0.57625
n10,dom-agi,bm-dom-agi-n10,5c6b76ae-bffd-4330-8913-e9cd3bb4eb63,agent_iota,3.116,0,0,ownership,0.620889,0.794396,0.422938,0.522399,0.560673,0.620889,0.594194,0.593271
n10,dom-agi,bm-dom-agi-n10,7ca089fb-e00e-43c7-a7fc-8d7e5823e733,agent_delta,3.352,0,0,risk,0.65488,0.436793,-0.113148,0.593721,0.639208,0.632065,0.646242,0.65488
n10,dom-agi,bm-dom-agi-n10,14baaff6-7684-48cb-87fc-d6fa87e45b30,agent_theta,3.398,0,0,ownership,0.629771,0.733583,0.133321,0.532459,0.57884,0.629771,0.616643,0.627284
n10,dom-agi,bm-dom-agi-n10,988cfaad-856b-486e-93b0-2187784c5986,agent_epsilon,3.432,0,0,ownership,0.547883,0.846838,0.44346,0.440485,0.45983,0.547883,0.491104,0.499841
n10,dom-agi,bm-dom-agi-n10,b9787092-128c-49b1-a1a8-df3d62ae10f3,agent_gamma,3.437,0,0,risk,0.642735,0.597546,0.196895,0.582206,0.586363,0.640146,0.639647,0.642735
n10,dom-agi,bm-dom-agi-n10,ae907b69-80a7-4c6c-951f-11db2ad102e8,agent_zeta,3.576,0,0,ownership,0.599411,0.781423,0.213292,0.514371,0.541672,0.599411,0.578025,0.590765
n10,dom-agi,bm-dom-agi-n10,d81d7c4a-a91a-422c-96ef-192f96989264,agent_alpha,3.758,0,0,risk,0.728195,0.635559,-0.045828,0.69498,0.659841,0.715496,0.717561,0.728195
n10,dom-agi,bm-dom-agi-n10,b65617b0-4066-4e53-a799-fb2f6f79a3b0,agent_beta,3.973,0,0,evidence,0.6872,-0.286568,0.434832,0.6872,0.599229,0.674636,0.66566,0.670156
n10,dom-agi,bm-dom-agi-n10,4bbf791b-897b-499a-b4e0-d4f08cf94650,agent_iota,4.22,0,0,risk,0.725654,0.602197,0.094749,0.66153,0.630621,0.716933,0.720196,0.725654
n10,dom-agi,bm-dom-agi-n10,6df93042-7dac-474e-a60e-b74ba1c22648,agent_delta,4.322,0,0,evidence,0.759727,-0.170455,0.429145,0.759727,0.658535,0.750526,0.743327,0.745248
n10,dom-agi,bm-dom-agi-n10,82384b9a-2220-4502-980d-039fab6b62fc,agent_kappa,4.349,0,0,ownership,0.633893,0.725574,0.14744,0.60093,0.52799,0.633893,0.618319,0.630292
n10,dom-agi,bm-dom-agi-n10,ebe202c5-e839-491b-bc3c-5b592333a754,agent_epsilon,4.409,0,0,evidence,0.75213,-0.455585,0.570369,0.75213,0.677445,0.681364,0.744485,0.732394
n10,dom-agi,bm-dom-agi-n10,e881a595-5644-45c9-ad39-c8069fadf6dc,agent_theta,4.447,0,0,ownership,0.847431,0.843648,0.435913,0.773317,0.705772,0.847431,0.79699,0.8071
n10,dom-agi,bm-dom-agi-n10,2f9e348f-a646-42ff-997a-6d5ac10368d8,agent_eta,4.476,0,0,ownership,0.775148,0.757319,0.318313,0.705024,0.671209,0.775148,0.756347,0.761787
n10,dom-agi,bm-dom-agi-n10,bca5e7df-32c6-4964-bfdf-514b8ac55bce,agent_zeta,4.514,0,0,ownership,0.684484,0.821233,0.426187,0.640641,0.570259,0.684484,0.639143,0.649978
n10,dom-agi,bm-dom-agi-n10,77f55b59-e0a1-4770-9415-fd990b3ca41f,agent_gamma,4.634,0,0,risk,0.752702,0.58484,0.232876,0.716332,0.661089,0.751809,0.75051,0.752702
n10,dom-agi,bm-dom-agi-n10,bb909fa4-fe6e-4f94-b5ce-3112266d0f4b,agent_beta,4.996,0,0,evidence,0.782918,-0.765853,0.544142,0.782918,0.689853,0.700628,0.753935,0.746302
n10,dom-agi,bm-dom-agi-n10,85c0094a-ba77-4098-b251-479071a2eebd,agent_kappa,5.414,0,0,evidence,0.761898,-0.339559,0.334497,0.761898,0.683157,0.717945,0.744485,0.751871
n10,dom-agi,bm-dom-agi-n10,312579e4-95f2-4fba-b0ef-69a3df36b11e,agent_delta,5.419,0,0,risk,0.684884,0.151856,0.054957,0.680585,0.627651,0.634881,0.673331,0.684884
n10,dom-agi,bm-dom-agi-n10,dde9c01d-d9cd-441c-b9a8-32a99a89c4d5,agent_eta,5.422,0,0,risk,0.756425,0.629173,-0.065828,0.703421,0.673408,0.737925,0.747107,0.756425
n10,dom-agi,bm-dom-agi-n10,cc3f80f7-878f-4a05-afa8-de24d590d51e,agent_epsilon,5.459,0,0,time,0.766496,0.086049,0.317493,0.761557,0.72619,0.712432,0.766496,0.765191
n10,dom-agi,bm-dom-agi-n10,528da1a6-6092-4b46-a2d1-c7062b745677,agent_gamma,5.501,0,0,risk,0.732165,0.558381,-0.169542,0.710052,0.661808,0.694918,0.71855,0.732165
n10,dom-agi,bm-dom-agi-n10,915482f6-1b40-423c-9574-f1d7de93a8b1,agent_iota,5.693,0,0,evidence,0.771683,-0.109236,0.315091,0.771683,0.687333,0.741224,0.765261,0.767602
n10,dom-agi,bm-dom-agi-n10,4ad454c8-c052-480f-bf52-48922b2f6b5d,agent_theta,5.855,0,0,ownership,0.794235,0.557453,0.378345,0.777889,0.691222,0.794235,0.774247,0.777972
n10,dom-agi,bm-dom-agi-n10,68939589-2109-4f87-8f35-727a7f6f7a8a,agent_zeta,6.105,0,0,evidence,0.805503,-0.766476,0.536559,0.805503,0.712447,0.736887,0.774482,0.770205
n10,dom-agi,bm-dom-agi-n10,ebe4faf4-04e6-421a-963f-52f739f813d7,agent_beta,6.228,0,0,evidence,0.779533,-0.783335,0.553613,0.779533,0.705763,0.702719,0.750115,0.737582
n10,dom-agi,bm-dom-agi-n10,bb3a5e9c-6908-4be2-8206-b4c12d77483a,agent_delta,6.357,0,0,evidence,0.824545,-0.170378,0.330221,0.824545,0.733887,0.81282,0.798561,0.813876
n10,dom-agi,bm-dom-agi-n10,de27b86b-b675-4c83-bab0-5ad3aa522984,agent_gamma,6.395,0,0,risk,0.70916,0.556794,0.083444,0.656374,0.651701,0.694742,0.704543,0.70916
n10,dom-agi,bm-dom-agi-n10,7e479b6e-18e6-4be0-ae44-658b6d1f3019,agent_theta,6.479,0,0,evidence,0.740977,-0.820533,0.535676,0.740977,0.634647,0.661404,0.687479,0.698951
n10,dom-agi,bm-dom-agi-n10,87df451f-cab1-4fae-a8a1-0dd8215778fc,agent_eta,6.48,0,0,evidence,0.711896,-0.42556,0.433736,0.711896,0.653863,0.659666,0.697949,0.697858
n10,dom-agi,bm-dom-agi-n10,3f6625e2-24cb-403b-b607-78490926e50f,agent_zeta,6.58,0,0,evidence,0.740056,-0.491042,0.415713,0.740056,0.681447,0.687819,0.72021,0.724579
n10,dom-agi,bm-dom-agi-n10,77e1531c-eee4-43b2-b398-68bc9ed44b0c,agent_iota,6.686,0,0,evidence,0.788289,-0.823594,0.537171,0.788289,0.633243,0.724262,0.729558,0.744655
n10,dom-agi,bm-dom-agi-n10,84e5920d-e5de-460c-860f-d0fa09e08517,agent_beta,7.017,0,0,risk,0.737323,0.77512,-0.186286,0.685329,0.658396,0.726935,0.715989,0.737323
n10,dom-agi,bm-dom-agi-n10,89207512-280c-4132-affc-cfce33b1b95d,agent_kappa,7.365,0,0,evidence,0.782999,-0.831442,0.539993,0.782999,0.659109,0.70937,0.717762,0.736619
n10,dom-agi,bm-dom-agi-n10,c319bfd1-bb2b-408c-bb6e-c65ceea9aaff,agent_gamma,7.419,0,0,ownership,0.696004,0.816804,0.29214,0.644926,0.599835,0.696004,0.663042,0.680779
n10,dom-agi,bm-dom-agi-n10,90ed2df6-75b8-4cd3-9180-ff1c2cd1484f,agent_epsilon,7.444,0,0,ownership,0.759024,0.783652,0.327827,0.718733,0.661722,0.759024,0.731444,0.742342
n10,dom-agi,bm-dom-agi-n10,f08911e0-929c-44fc-b0bb-46c7c45baa76,agent_delta,7.448,0,0,evidence,0.735677,-0.718976,0.537518,0.735677,0.646275,0.709681,0.681828,0.686227
n10,dom-agi,bm-dom-agi-n10,982e50ba-d107-4920-9561-a0a0f9607429,agent_eta,7.631,0,0,evidence,0.763649,-0.553369,0.492715,0.763649,0.740465,0.686771,0.752227,0.741194
n10,dom-agi,bm-dom-agi-n10,3f3dde38-8892-4c93-b783-0f1e95a520ba,agent_iota,7.68,0,0,ownership,0.720107,0.675086,0.423317,0.695944,0.626191,0.720107,0.694644,0.695019
n10,dom-tech,bm-dom-tech-n10,10659de0-44b1-42d9-9e11-5165c6fcd416,agent_gamma,0.0,0,0,testing,0.648275,-0.82564,-0.415024,0.529403,0.648275,0.561313,0.611656,0.584601
n10,dom-tech,bm-dom-tech-n10,90c79bd5-0f2c-4574-b480-ecc9a1b3100b,agent_zeta,0.015,0,0,testing,0.63807,-0.849592,-0.449397,0.466749,0.63807,0.491201,0.560607,0.531605
n10,dom-tech,bm-dom-tech-n10,1764f140-6e94-4682-980d-d50d765046fe,agent_alpha,0.159,0,0,testing,0.542518,-0.844435,-0.445578,0.40311,0.542518,0.424484,0.485337,0.478383
n10,dom-tech,bm-dom-tech-n10,e3791f85-7cd3-45d5-ad4a-95426b59b07d,agent_kappa,0.168,0,0,testing,0.555907,-0.828943,-0.433104,0.424992,0.555907,0.467345,0.512201,0.505006
n10,dom-tech,bm-dom-tech-n10,f93ddf7c-5949-48f9-90db-f64c95432ce7,agent_epsilon,0.287,0,0,testing,0.508707,-0.840129,-0.444545,0.3649,0.508707,0.407397,0.453903,0.45279
n10,dom-tech,bm-dom-tech-n10,f6068421-7eb5-4798-8b0a-a758a54c1cb5,agent_eta,0.382,0,0,testing,0.737953,-0.828142,-0.421555,0.609568,0.737953,0.656028,0.699222,0.677983
n10,dom-tech,bm-dom-tech-n10,206a2a62-8815-461c-99ef-5a81f41d8b81,agent_iota,0.577,0,0,testing,0.724611,-0.803574,-0.398915,0.607944,0.724611,0.662477,0.691773,0.676148
n10,dom-tech,bm-dom-tech-n10,8c9a567f-be78-441e-82ae-76f3385fd411,agent_delta,0.863,0,0,testing,0.686646,-0.819899,-0.412107,0.550089,0.686646,0.607764,0.650883,0.631213
n10,dom-tech,bm-dom-tech-n10,a2b847a0-1812-43d4-beb5-f2599b0e536f,agent_gamma,0.885,0,0,testing,0.688185,-0.831844,-0.436879,0.55138,0.688185,0.601881,0.641948,0.63662
n10,dom-tech,bm-dom-tech-n10,fcdf3cc6-8595-48a8-8aa1-1eb58d6b38d9,agent_theta,1.065,0,0,risk,0.707786,0.69714,-0.269472,0.645452,0.671155,0.683938,0.690536,0.707786
n10,dom-tech,bm-dom-tech-n10,9ed25b2a-b4b6-482f-9a0d-d16f796c0697,agent_kappa,1.125,0,0,testing,0.683018,-0.781386,-0.42943,0.566446,0.683018,0.596114,0.642686,0.649027
n10,dom-tech,bm-dom-tech-n10,f6197256-a5f3-4c24-8bb3-3a7ef4cdb7f0,agent_alpha,1.157,0,0,testing,0.704418,-0.775031,-0.071865,0.695725,0.704418,0.598158,0.683129,0.656982
n10,dom-tech,bm-dom-tech-n10,9820ae42-9792-4dc4-9aa4-2f0c9a984e1c,agent_eta,1.185,0,0,testing,0.749581,-0.06728,0.007332,0.674425,0.749581,0.699456,0.74898,0.747071
n10,dom-tech,bm-dom-tech-n10,b330aba4-5756-4b20-bd0b-fc5dbbb1d8e5,agent_delta,1.192,0,0,time,0.746355,-0.035404,0.375831,0.65184,0.736846,0.713412,0.746355,0.733572
n10,dom-tech,bm-dom-tech-n10,93a628e9-3e92-4648-b2a7-550c8aec99aa,agent_beta,1.303,0,0,testing,0.398016,-0.849978,-0.449971,0.219351,0.398016,0.230904,0.290352,0.269491
n10,dom-tech,bm-dom-tech-n10,e1973613-58e0-4a19-b5f6-419937d1138f,agent_epsilon,1.519,0,0,time,0.760512,0.168177,0.176788,0.725851,0.750068,0.725714,0.760512,0.758129
n10,dom-tech,bm-dom-tech-n10,266b3ff6-829b-4182-9100-af0451c8773d,agent_alpha,1.997,0,0,testing,0.641768,-0.803052,-0.414844,0.531849,0.641768,0.5506,0.605712,0.599832
n10,dom-tech,bm-dom-tech-n10,b94cc8ef-f66e-4cc7-908c-e64d419004db,agent_zeta,2.047,0,0,risk,0.828004,0.384233,-0.001342,0.81389,0.780659,0.790264,0.819533,0.828004
n10,dom-tech,bm-dom-tech-n10,5e2c37ac-81ef-43f5-b038-75d3df087e0e,agent_kappa,2.08,0,0,evidence,0.812712,-0.666877,0.560346,0.812712,0.758746,0.728357,0.795002,0.781975
n10,dom-tech,bm-dom-tech-n10,5257d9d8-5756-4776-9f91-7feffdebf4e3,agent_gamma,2.094,0,0,testing,0.806501,-0.546129,0.131819,0.795722,0.806501,0.726799,0.801193,0.778584
n10,dom-tech,bm-dom-tech-n10,aa463279-d50d-4d7a-9827-150435ec317a,agent_eta,2.15,0,0,evidence,0.656494,-0.834472,0.547528,0.656494,0.571937,0.596223,0.604922,0.601168
n10,dom-tech,bm-dom-tech-n10,ff37685c-cffc-496a-bb5c-a3716e409ef0,agent_theta,2.227,0,1,risk,0.716919,0.642671,0.005619,0.700352,0.639233,0.714129,0.695931,0.716919
n10,dom-tech,bm-dom-tech-n10,051834c5-d49e-4114-a6c8-656f6dafb882,agent_epsilon,2.477,0,0,ownership,0.680057,0.718994,0.446722,0.655182,0.588576,0.680057,0.622053,0.636882
n10,dom-tech,bm-dom-tech-n10,073d4bbe-f5a5-46da-ac14-fcf4a0540b85,agent_iota,2.492,0,1,risk,0.696633,0.475251,0.097204,0.689301,0.621889,0.695344,0.677012,0.696633
n10,dom-tech,bm-dom-tech-n10,3c82d647-069a-4b1b-9889-33b84e8705e0,agent_beta,2.619,0,0,testing,0.701626,-0.844519,-0.441494,0.565679,0.701626,0.57952,0.650668,0.615301
n10,dom-tech,bm-dom-tech-n10,463ef5cb-1488-4509-8063-b45151f7b206,agent_alpha,2.675,0,0,evidence,0.820196,-0.724137,0.484093,0.820196,0.699143,0.749005,0.779428,0.793794
n10,dom-tech,bm-dom-tech-n10,093b9ec2-9577-42dc-bf92-8fad2e3026a0,agent_gamma,2.925,0,0,evidence,0.816844,-0.812483,0.550877,0.816844,0.739406,0.733844,0.780965,0.769529
n10,dom-tech,bm-dom-tech-n10,fa13c6c9-59fc-47e5-9c04-3038407d07e7,agent_zeta,2.979,0,0,evidence,0.806333,-0.754596,0.543538,0.806333,0.705873,0.753891,0.777846,0.770194
n10,dom-tech,bm-dom-tech-n10,a40ef3f4-e59d-44ad-9c85-7bb328c7d629,agent_theta,2.987,0,0,evidence,0.734546,-0.813879,0.544405,0.734546,0.635247,0.691848,0.680499,0.682566
n10,dom-tech,bm-dom-tech-n10,58c7931d-d0f7-4b8e-a52e-e9e83c74bb88,agent_eta,3.003,0,0,evidence,0.693588,-0.826326,0.546653,0.693588,0.583053,0.646107,0.637586,0.637412
n10,dom-tech,bm-dom-tech-n10,92aeed67-4426-4fcf-8bf2-aa6fab84f9e5,agent_epsilon,3.015,0,0,evidence,0.803245,-0.160841,0.34881,0.803245,0.744518,0.793228,0.775905,0.791408
n10,dom-tech,bm-dom-tech-n10,7e017c11-a7b6-4ea3-a739-c113f759cb7d,agent_kappa,3.125,0,0,evidence,0.74745,-0.07033,0.225956,0.74745,0.687929,0.735236,0.718178,0.741479
n10,dom-tech,bm-dom-tech-n10,f0c6f891-cd3d-43a4-b063-b2af040135d7,agent_iota,3.174,0,0,evidence,0.801807,-0.829428,0.538841,0.801807,0.644398,0.722611,0.739218,0.756655
n10,dom-tech,bm-dom-tech-n10,5e468871-be2d-4d64-a934-a126ce388736,agent_delta,3.176,0,0,evidence,0.808212,-0.837875,0.544133,0.808212,0.67319,0.726844,0.744973,0.757053
n10,dom-tech,bm-dom-tech-n10,a5dc5371-440e-4f4c-a4b2-7cf020b0fb4d,agent_alpha,3.588,0,0,evidence,0.76128,-0.833541,0.540739,0.76128,0.622487,0.672868,0.69502,0.714147
n10,dom-tech,bm-dom-tech-n10,b87173b2-9390-46b0-91a9-74bbc9d68289,agent_beta,3.926,0,0,evidence,0.86073,-0.836974,0.545199,0.86073,0.705354,0.79861,0.797198,0.807448
n10,dom-tech,bm-dom-tech-n10,01e19094-bb34-4908-8595-e976c563748d,agent_theta,3.981,0,0,evidence,0.732538,-0.824196,0.538112,0.732538,0.605448,0.674557,0.670161,0.687812
n10,dom-tech,bm-dom-tech-n10,5eb5900f-52ce-4715-bf7a-216a0f9c003b,agent_eta,4.022,0,0,evidence,0.72401,-0.84179,0.54829,0.72401,0.582076,0.663076,0.658557,0.661245
n10,dom-tech,bm-dom-tech-n10,bfe5e63f-f376-41a1-acb8-e63607fccbbd,agent_epsilon,4.034,0,0,evidence,0.718163,-0.687647,0.480952,0.718163,0.576087,0.683373,0.671745,0.691632
n10,dom-tech,bm-dom-tech-n10,2d6d0b61-0d2b-4355-aae3-674680ada484,agent_gamma,4.049,0,0,evidence,0.814873,-0.841358,0.545269,0.814873,0.649869,0.728399,0.742605,0.760996
n10,dom-tech,bm-dom-tech-n10,5734ba80-9bc7-4a2a-9dc6-4aa691f2efd7,agent_zeta,4.095,0,0,evidence,0.811342,-0.83223,0.544342,0.811342,0.655798,0.759342,0.733281,0.758044
n10,dom-tech,bm-dom-tech-n10,4a4a2091-c917-45d0-92fd-d898cb145519,agent_kappa,4.12,0,0,evidence,0.852482,-0.841777,0.545891,0.852482,0.686069,0.78206,0.773246,0.796771
n10,dom-tech,bm-dom-tech-n10,6a75bf0d-3a26-4996-8bcf-caaef44561d0,agent_delta,4.287,0,0,evidence,0.815566,-0.816001,0.540673,0.815566,0.670947,0.770161,0.755245,0.767965
n10,dom-tech,bm-dom-tech-n10,5df5c29b-1b84-4a09-a0c6-d7c1ca095edc,agent_alpha,4.596,0,0,evidence,0.800286,-0.829124,0.537242,0.800286,0.649038,0.712339,0.726745,0.756028
n10,dom-tech,bm-dom-tech-n10,2f89d715-470d-4c37-a788-74bc91dd3c11,agent_epsilon,4.969,0,0,ownership,0.662073,0.711417,0.453114,0.637889,0.537697,0.662073,0.584408,0.610407
n10,dom-tech,bm-dom-tech-n10,dfb3d6e7-41a3-4b0f-acf3-ec7a5859d44f,agent_gamma,4.995,0,0,evidence,0.813889,-0.828554,0.543669,0.813889,0.681418,0.758435,0.758552,0.764156
n10,dom-tech,bm-dom-tech-n10,50582cb0-7f0d-498b-8604-81f8e69c73e6,agent_eta,4.998,0,0,evidence,0.774879,-0.847468,0.549532,0.774879,0.618819,0.702565,0.698308,0.699491
n10,dom-tech,bm-dom-tech-n10,cee6aafd-a869-4158-9504-392c16bcfcd2,agent_zeta,5.02,0,0,evidence,0.807286,-0.838407,0.545562,0.807286,0.658109,0.734018,0.747603,0.754177
n10,dom-tech,bm-dom-tech-n10,1219820b-acf9-4ea8-bd29-2bbdfe6ac3e7,agent_theta,5.054,0,0,evidence,0.80038,-0.834202,0.544122,0.80038,0.632464,0.74486,0.725004,0.747859
n10,dom-tech,bm-dom-tech-n10,ce5bf4f0-c532-488c-a2c5-5ad05dea2ccd,agent_iota,5.139,0,0,evidence,0.808718,-0.835142,0.543326,0.808718,0.663741,0.743389,0.744305,0.758469
n10,dom-tech,bm-dom-tech-n10,a3fbc61b-f975-4d47-87fa-8eec33025b17,agent_kappa,5.178,0,0,evidence,0.765848,-0.830246,0.544087,0.765848,0.620672,0.714347,0.698731,0.713553
n10,dom-tech,bm-dom-tech-n10,274e9d24-d1c1-471d-8bcd-f20b8ed87fed,agent_delta,5.219,0,0,evidence,0.816068,-0.847987,0.548943,0.816068,0.636758,0.721594,0.729578,0.747179
n10,dom-tech,bm-dom-tech-n10,599d6a58-3828-4ed9-b8d5-de63b8120f81,agent_alpha,5.603,0,0,evidence,0.791376,-0.825202,0.540624,0.791376,0.67304,0.716265,0.741139,0.746291
n10,dom-tech,bm-dom-tech-n10,04bd62c5-f49c-4f18-a1ae-2ebf7b0d2ae2,agent_gamma,5.911,0,0,evidence,0.841975,-0.832693,0.545101,0.841975,0.702178,0.778684,0.788664,0.790992
n10,dom-tech,bm-dom-tech-n10,c5007bff-8b92-4899-b646-639ad302c8b9,agent_epsilon,5.971,0,0,evidence,0.835742,-0.831832,0.540812,0.835742,0.687191,0.771745,0.766506,0.788244
n10,dom-tech,bm-dom-tech-n10,c1f34fc0-8a18-4b6b-99e3-cc5273a83858,agent_eta,5.998,0,0,evidence,0.756725,-0.845198,0.548678,0.756725,0.610757,0.691153,0.678241,0.689618
n10,dom-tech,bm-dom-tech-n10,9b3bf641-989a-4a1e-a52c-2451fc804194,agent_zeta,6.029,0,0,evidence,0.813366,-0.841944,0.548036,0.813366,0.660589,0.753668,0.741387,0.750355
n10,dom-tech,bm-dom-tech-n10,788c5d54-54ce-44ab-b17c-281068df3351,agent_kappa,6.178,0,0,risk,0.777186,0.750398,-0.1483,0.746777,0.697831,0.769219,0.753094,0.777186
n10,dom-tech,bm-dom-tech-n10,cfdb5413-512c-464b-b964-e4f75679debb,agent_delta,6.193,0,0,evidence,0.734466,-0.831177,0.547374,0.734466,0.61378,0.678574,0.68375,0.680108
n10,dom-tech,bm-dom-tech-n10,f055d584-9180-4834-86e3-3bfdcda73abd,agent_iota,6.196,0,0,evidence,0.825166,-0.828122,0.539983,0.825166,0.671716,0.760493,0.766333,0.779222
n10,dom-tech,bm-dom-tech-n10,12abeb7b-a3dc-498e-93a6-648332871195,agent_alpha,6.619,0,0,evidence,0.737226,-0.831186,0.548374,0.737226,0.63965,0.675432,0.690297,0.683391
n10,dom-tech,bm-dom-tech-n10,08141118-dc88-4a1b-a0f5-9970da9e208e,agent_epsilon,6.939,0,0,evidence,0.7555,-0.844346,0.549452,0.7555,0.625363,0.687768,0.69378,0.687845
n10,dom-tech,bm-dom-tech-n10,8e7e220b-d1ef-4fcb-8fe9-f73bdc7ca3b6,agent_eta,6.999,0,0,evidence,0.670334,-0.807187,0.54379,0.670334,0.544461,0.630435,0.614554,0.618289
n10,dom-tech,bm-dom-tech-n10,d4b84ba5-b0f8-4115-bb6b-c4ec78dc84f8,agent_gamma,7.004,0,0,evidence,0.819638,-0.837846,0.548587,0.819638,0.675642,0.760747,0.764271,0.759628
n10,dom-tech,bm-dom-tech-n10,9bb21912-2e5d-46ee-bf0c-5bf1160631e6,agent_theta,7.031,0,0,evidence,0.738242,-0.838015,0.546603,0.738242,0.607183,0.673957,0.67991,0.683105
n10,dom-tech,bm-dom-tech-n10,a93e43fd-9c43-42c0-9b07-a24e7e417831,agent_zeta,7.048,0,0,evidence,0.791474,-0.797571,0.537111,0.791474,0.668685,0.750359,0.739752,0.747807
n10,dom-tech,bm-dom-tech-n10,d3c0f65f-9a17-4660-b070-524983505ce6,agent_iota,7.238,0,0,evidence,0.841749,-0.844572,0.547446,0.841749,0.681755,0.755464,0.770731,0.782279
n10,dom-tech,bm-dom-tech-n10,7dc0ad6f-7e19-4831-88f2-23459fcbc61e,agent_kappa,7.29,0,0,evidence,0.845339,-0.838015,0.544808,0.845339,0.688246,0.771655,0.783471,0.793215
